album_artists;label;album_title;artists;track_number;track_title;runtime;isrc;total_length;num_tracks;release_date;catalog_number;bandcamp_url;tags
passengers;Passed Recordings;Beats !;passengers;1;Easy;152;ITQ740804304;2465;13;2026-02-13T00:00:00;;https://passengers-mi.bandcamp.com/album/beats?label=3985473299&tab=music;ambient|dark ambient|drone|electronic|experimental|lo fi|noise|breaks|chill|lo-fi beats|Warren
passengers;Passed Recordings;Beats !;passengers;2;DIS;127;CH6540880766;2465;13;2026-02-13T00:00:00;;https://passengers-mi.bandcamp.com/album/beats?label=3985473299&tab=music;ambient|dark ambient|drone|electronic|experimental|lo fi|noise|breaks|chill|lo-fi beats|Warren
passengers;Passed Recordings;Beats !;passengers;3;Chasing;112;;2465;13;2026-02-13T00:00:00;;https://passengers-mi.bandcamp.com/album/beats?label=3985473299&tab=music;ambient|dark ambient|drone|electronic|experimental|lo fi|noise|breaks|chill|lo-fi beats|Warren
passengers;Passed Recordings;Beats !;passengers;4;:D;195;QZYFZ2554908;2465;13;2026-02-13T00:00:00;;https://passengers-mi.bandcamp.com/album/beats?label=3985473299&tab=music;ambient|dark ambient|drone|electronic|experimental|lo fi|noise|breaks|chill|lo-fi beats|Warren
passengers;Passed Recordings;Beats !;passengers;5;Soph;105;;2465;13;2026-02-13T00:00:00;;https://passengers-mi.bandcamp.com/album/beats?label=3985473299&tab=music;ambient|dark ambient|drone|electronic|experimental|lo fi|noise|breaks|chill|lo-fi beats|Warren
passengers;Passed Recordings;Beats !;passengers;6;FastFastFast;260;;2465;13;2026-02-13T00:00:00;;https://passengers-mi.bandcamp.com/album/beats?label=3985473299&tab=music;ambient|dark ambient|drone|electronic|experimental|lo fi|noise|breaks|chill|lo-fi beats|Warren
passengers;Passed Recordings;Beats !;passengers;7;Dagger;196;;2465;13;2026-02-13T00:00:00;;https://passengers-mi.bandcamp.com/album/beats?label=3985473299&tab=music;ambient|dark ambient|drone|electronic|experimental|lo fi|noise|breaks|chill|lo-fi beats|Warren
passengers;Passed Recordings;Beats !;passengers;8;-;232;GBAAN9500153;2465;13;2026-02-13T00:00:00;;https://passengers-mi.bandcamp.com/album/beats?label=3985473299&tab=music;ambient|dark ambient|drone|electronic|experimental|lo fi|noise|breaks|chill|lo-fi beats|Warren
passengers;Passed Recordings;Beats !;passengers;9;:D [Remix] (feat. I felt it in my sleep);215;;2465;13;2026-02-13T00:00:00;;https://passengers-mi.bandcamp.com/album/beats?label=3985473299&tab=music;ambient|dark ambient|drone|electronic|experimental|lo fi|noise|breaks|chill|lo-fi beats|Warren
passengers;Passed Recordings;Beats !;passengers;10;FastFastFast [Remix] (feat. La Morte D'Arc);255;;2465;13;2026-02-13T00:00:00;;https://passengers-mi.bandcamp.com/album/beats?label=3985473299&tab=music;ambient|dark ambient|drone|electronic|experimental|lo fi|noise|breaks|chill|lo-fi beats|Warren
passengers;Passed Recordings;Beats !;passengers;11;Bzzz [Remix] (feat. KAR);277;;2465;13;2026-02-13T00:00:00;;https://passengers-mi.bandcamp.com/album/beats?label=3985473299&tab=music;ambient|dark ambient|drone|electronic|experimental|lo fi|noise|breaks|chill|lo-fi beats|Warren
passengers;Passed Recordings;Beats !;passengers;12;Chasing [Remix] (feat. La Morte D'Arc);117;;2465;13;2026-02-13T00:00:00;;https://passengers-mi.bandcamp.com/album/beats?label=3985473299&tab=music;ambient|dark ambient|drone|electronic|experimental|lo fi|noise|breaks|chill|lo-fi beats|Warren
passengers;Passed Recordings;Beats !;passengers;13;DIS [Remix] (feat. Ed Herbers);222;;2465;13;2026-02-13T00:00:00;;https://passengers-mi.bandcamp.com/album/beats?label=3985473299&tab=music;ambient|dark ambient|drone|electronic|experimental|lo fi|noise|breaks|chill|lo-fi beats|Warren
Exit Chamber;Passed Recordings;Strategy of Tension;Exit Chamber;1;Gladio;280;;1629;6;2026-01-30T00:00:00;;https://exitchamber.bandcamp.com/album/strategy-of-tension?label=3985473299&tab=music;ambient|atmospheric|cold war|electronic|eurorack|paranoia|soundscapes|synthesizer|Edinburgh
Exit Chamber;Passed Recordings;Strategy of Tension;Exit Chamber;2;Years of Lead;272;;1629;6;2026-01-30T00:00:00;;https://exitchamber.bandcamp.com/album/strategy-of-tension?label=3985473299&tab=music;ambient|atmospheric|cold war|electronic|eurorack|paranoia|soundscapes|synthesizer|Edinburgh
Exit Chamber;Passed Recordings;Strategy of Tension;Exit Chamber;3;30-31B;257;;1629;6;2026-01-30T00:00:00;;https://exitchamber.bandcamp.com/album/strategy-of-tension?label=3985473299&tab=music;ambient|atmospheric|cold war|electronic|eurorack|paranoia|soundscapes|synthesizer|Edinburgh
Exit Chamber;Passed Recordings;Strategy of Tension;Exit Chamber;4;Strategy of Tension;376;;1629;6;2026-01-30T00:00:00;;https://exitchamber.bandcamp.com/album/strategy-of-tension?label=3985473299&tab=music;ambient|atmospheric|cold war|electronic|eurorack|paranoia|soundscapes|synthesizer|Edinburgh
Exit Chamber;Passed Recordings;Strategy of Tension;Brabant, 1982;5;1985;268;;1629;6;2026-01-30T00:00:00;;https://exitchamber.bandcamp.com/album/strategy-of-tension?label=3985473299&tab=music;ambient|atmospheric|cold war|electronic|eurorack|paranoia|soundscapes|synthesizer|Edinburgh
Exit Chamber;Passed Recordings;Strategy of Tension;Exit Chamber;6;State of Exception;176;;1629;6;2026-01-30T00:00:00;;https://exitchamber.bandcamp.com/album/strategy-of-tension?label=3985473299&tab=music;ambient|atmospheric|cold war|electronic|eurorack|paranoia|soundscapes|synthesizer|Edinburgh
Passed Recordings;Passed Recordings;The Passed Year 2025;G!GA LURGH;1;Ambient Jam #1 (Previously YouTube Exclusive);184;;5225;16;2026-01-01T00:00:00;;https://passedrecordings.bandcamp.com/album/the-passed-year-2025;Uppsala
Passed Recordings;Passed Recordings;The Passed Year 2025;Exit Chamber;2;To Surrender The Self (from Around One Constant They Revolve);351;;5225;16;2026-01-01T00:00:00;;https://passedrecordings.bandcamp.com/album/the-passed-year-2025;Uppsala
Passed Recordings;Passed Recordings;The Passed Year 2025;Exit Chamber & Ed Herbers;3;Loathing (from SELF-);577;;5225;16;2026-01-01T00:00:00;;https://passedrecordings.bandcamp.com/album/the-passed-year-2025;Uppsala
Passed Recordings;Passed Recordings;The Passed Year 2025;Cavern Cult;4;Of Hope (from Approach);114;;5225;16;2026-01-01T00:00:00;;https://passedrecordings.bandcamp.com/album/the-passed-year-2025;Uppsala
Passed Recordings;Passed Recordings;The Passed Year 2025;David Aimone;5;TimeDown (from Curiosità Ajmone);346;;5225;16;2026-01-01T00:00:00;;https://passedrecordings.bandcamp.com/album/the-passed-year-2025;Uppsala
Passed Recordings;Passed Recordings;The Passed Year 2025;passengers & I felt it in my sleep;6;Summertime (from Lost in a perfect world);181;;5225;16;2026-01-01T00:00:00;;https://passedrecordings.bandcamp.com/album/the-passed-year-2025;Uppsala
Passed Recordings;Passed Recordings;The Passed Year 2025;Asha Patera;7;Aeturnus (from Call To Silence);368;;5225;16;2026-01-01T00:00:00;;https://passedrecordings.bandcamp.com/album/the-passed-year-2025;Uppsala
Passed Recordings;Passed Recordings;The Passed Year 2025;On Idyl;8;Lost in the Morning (from The Fecund Wood);526;;5225;16;2026-01-01T00:00:00;;https://passedrecordings.bandcamp.com/album/the-passed-year-2025;Uppsala
Passed Recordings;Passed Recordings;The Passed Year 2025;Christian Schwöbel;9;Engelbecken (Previously YouTube Exclusive);492;;5225;16;2026-01-01T00:00:00;;https://passedrecordings.bandcamp.com/album/the-passed-year-2025;Uppsala
Passed Recordings;Passed Recordings;The Passed Year 2025;Ed Herbers;10;No Response (from Tartarus);242;;5225;16;2026-01-01T00:00:00;;https://passedrecordings.bandcamp.com/album/the-passed-year-2025;Uppsala
Passed Recordings;Passed Recordings;The Passed Year 2025;Take Me There;11;Totte (a reflection on childhood) (from Nine Reflections: Music For Cats);246;;5225;16;2026-01-01T00:00:00;;https://passedrecordings.bandcamp.com/album/the-passed-year-2025;Uppsala
Passed Recordings;Passed Recordings;The Passed Year 2025;I felt it in my sleep;12;Toyon (from The Ghost of Christmas Passed);390;;5225;16;2026-01-01T00:00:00;;https://passedrecordings.bandcamp.com/album/the-passed-year-2025;Uppsala
Passed Recordings;Passed Recordings;The Passed Year 2025;Chris Hobbs;13;...and then everything was alright again (from The Ghost of Christmas Passed);340;;5225;16;2026-01-01T00:00:00;;https://passedrecordings.bandcamp.com/album/the-passed-year-2025;Uppsala
Passed Recordings;Passed Recordings;The Passed Year 2025;Unruly Disturbance;14;Winter Chorus (from The Ghost of Christmas Passed);313;;5225;16;2026-01-01T00:00:00;;https://passedrecordings.bandcamp.com/album/the-passed-year-2025;Uppsala
Passed Recordings;Passed Recordings;The Passed Year 2025;Tari Vega;15;SRIC (from The Ghost of Christmas Passed);128;;5225;16;2026-01-01T00:00:00;;https://passedrecordings.bandcamp.com/album/the-passed-year-2025;Uppsala
Passed Recordings;Passed Recordings;The Passed Year 2025;Exit Chamber;16;We Can Get There Simply By Surviving (Previously Unreleased);427;;5225;16;2026-01-01T00:00:00;;https://passedrecordings.bandcamp.com/album/the-passed-year-2025;Uppsala
Ed Herbers;Passed Recordings;Season Cycle: Winter;Ed Herbers;1;Winter Solstice;241;;1515;7;2025-12-21T00:00:00;;https://herbers.bandcamp.com/album/season-cycle-winter?label=3985473299&tab=music;ambient|cinematic|cold|electronic|instrumental|meditation|solstice|soundtrack|winter|winter music|winter solstice|Cincinnati
Ed Herbers;Passed Recordings;Season Cycle: Winter;Ed Herbers;2;Northern Lights;124;;1515;7;2025-12-21T00:00:00;;https://herbers.bandcamp.com/album/season-cycle-winter?label=3985473299&tab=music;ambient|cinematic|cold|electronic|instrumental|meditation|solstice|soundtrack|winter|winter music|winter solstice|Cincinnati
Ed Herbers;Passed Recordings;Season Cycle: Winter;Ed Herbers;3;Windswept;298;;1515;7;2025-12-21T00:00:00;;https://herbers.bandcamp.com/album/season-cycle-winter?label=3985473299&tab=music;ambient|cinematic|cold|electronic|instrumental|meditation|solstice|soundtrack|winter|winter music|winter solstice|Cincinnati
Ed Herbers;Passed Recordings;Season Cycle: Winter;Ed Herbers;4;Long, Dark Nights;290;;1515;7;2025-12-21T00:00:00;;https://herbers.bandcamp.com/album/season-cycle-winter?label=3985473299&tab=music;ambient|cinematic|cold|electronic|instrumental|meditation|solstice|soundtrack|winter|winter music|winter solstice|Cincinnati
Ed Herbers;Passed Recordings;Season Cycle: Winter;Ed Herbers;5;Winterlude;90;;1515;7;2025-12-21T00:00:00;;https://herbers.bandcamp.com/album/season-cycle-winter?label=3985473299&tab=music;ambient|cinematic|cold|electronic|instrumental|meditation|solstice|soundtrack|winter|winter music|winter solstice|Cincinnati
Ed Herbers;Passed Recordings;Season Cycle: Winter;Ed Herbers;6;Silent Snowfall;162;;1515;7;2025-12-21T00:00:00;;https://herbers.bandcamp.com/album/season-cycle-winter?label=3985473299&tab=music;ambient|cinematic|cold|electronic|instrumental|meditation|solstice|soundtrack|winter|winter music|winter solstice|Cincinnati
Ed Herbers;Passed Recordings;Season Cycle: Winter;Ed Herbers;7;Full Moon's Light on Fallen Snow;310;;1515;7;2025-12-21T00:00:00;;https://herbers.bandcamp.com/album/season-cycle-winter?label=3985473299&tab=music;ambient|cinematic|cold|electronic|instrumental|meditation|solstice|soundtrack|winter|winter music|winter solstice|Cincinnati
Passed Recordings;Passed Recordings;The Ghost Of Christmas Passed;Asha Patera;1;The Joy On Their Faces That Morning;370;;11651;35;2025-12-19T00:00:00;;https://passedrecordings.bandcamp.com/album/the-ghost-of-christmas-passed;ambient|christmas|compilation|dark ambient|drone|electronic|experimental|new age|noise|techno|Uppsala
Passed Recordings;Passed Recordings;The Ghost Of Christmas Passed;Ed Herbers;2;The Moon (How Bright It Is);271;;11651;35;2025-12-19T00:00:00;;https://passedrecordings.bandcamp.com/album/the-ghost-of-christmas-passed;ambient|christmas|compilation|dark ambient|drone|electronic|experimental|new age|noise|techno|Uppsala
Passed Recordings;Passed Recordings;The Ghost Of Christmas Passed;David Aimone;3;Gel’s Bells;221;;11651;35;2025-12-19T00:00:00;;https://passedrecordings.bandcamp.com/album/the-ghost-of-christmas-passed;ambient|christmas|compilation|dark ambient|drone|electronic|experimental|new age|noise|techno|Uppsala
Passed Recordings;Passed Recordings;The Ghost Of Christmas Passed;Twilight Sleep;4;The Lights Turned Down Low;336;;11651;35;2025-12-19T00:00:00;;https://passedrecordings.bandcamp.com/album/the-ghost-of-christmas-passed;ambient|christmas|compilation|dark ambient|drone|electronic|experimental|new age|noise|techno|Uppsala
Passed Recordings;Passed Recordings;The Ghost Of Christmas Passed;Tapemoth;5;Entropy;177;;11651;35;2025-12-19T00:00:00;;https://passedrecordings.bandcamp.com/album/the-ghost-of-christmas-passed;ambient|christmas|compilation|dark ambient|drone|electronic|experimental|new age|noise|techno|Uppsala
Passed Recordings;Passed Recordings;The Ghost Of Christmas Passed;Kevyn Oliveira;6;25;211;;11651;35;2025-12-19T00:00:00;;https://passedrecordings.bandcamp.com/album/the-ghost-of-christmas-passed;ambient|christmas|compilation|dark ambient|drone|electronic|experimental|new age|noise|techno|Uppsala
Passed Recordings;Passed Recordings;The Ghost Of Christmas Passed;Bak;7;December 1995;408;;11651;35;2025-12-19T00:00:00;;https://passedrecordings.bandcamp.com/album/the-ghost-of-christmas-passed;ambient|christmas|compilation|dark ambient|drone|electronic|experimental|new age|noise|techno|Uppsala
Passed Recordings;Passed Recordings;The Ghost Of Christmas Passed;Fennel;8;Gold, Frankincense, and Myrrh;214;;11651;35;2025-12-19T00:00:00;;https://passedrecordings.bandcamp.com/album/the-ghost-of-christmas-passed;ambient|christmas|compilation|dark ambient|drone|electronic|experimental|new age|noise|techno|Uppsala
Passed Recordings;Passed Recordings;The Ghost Of Christmas Passed;Voidborn;9;Transcendence;463;;11651;35;2025-12-19T00:00:00;;https://passedrecordings.bandcamp.com/album/the-ghost-of-christmas-passed;ambient|christmas|compilation|dark ambient|drone|electronic|experimental|new age|noise|techno|Uppsala
Passed Recordings;Passed Recordings;The Ghost Of Christmas Passed;Ghola V;10;Lost My Rudolph;319;;11651;35;2025-12-19T00:00:00;;https://passedrecordings.bandcamp.com/album/the-ghost-of-christmas-passed;ambient|christmas|compilation|dark ambient|drone|electronic|experimental|new age|noise|techno|Uppsala
Passed Recordings;Passed Recordings;The Ghost Of Christmas Passed;Angel;11;Snowfields;238;;11651;35;2025-12-19T00:00:00;;https://passedrecordings.bandcamp.com/album/the-ghost-of-christmas-passed;ambient|christmas|compilation|dark ambient|drone|electronic|experimental|new age|noise|techno|Uppsala
Passed Recordings;Passed Recordings;The Ghost Of Christmas Passed;On Idyl;12;Sipping whiskey on Christmas Eve, out in the snow, under a full moon;295;;11651;35;2025-12-19T00:00:00;;https://passedrecordings.bandcamp.com/album/the-ghost-of-christmas-passed;ambient|christmas|compilation|dark ambient|drone|electronic|experimental|new age|noise|techno|Uppsala
Passed Recordings;Passed Recordings;The Ghost Of Christmas Passed;Principal Stars;13;Black Smoke, White Snow;373;;11651;35;2025-12-19T00:00:00;;https://passedrecordings.bandcamp.com/album/the-ghost-of-christmas-passed;ambient|christmas|compilation|dark ambient|drone|electronic|experimental|new age|noise|techno|Uppsala
Passed Recordings;Passed Recordings;The Ghost Of Christmas Passed;Mathew Gracie;14;The Basement Dweller's Lullaby;377;;11651;35;2025-12-19T00:00:00;;https://passedrecordings.bandcamp.com/album/the-ghost-of-christmas-passed;ambient|christmas|compilation|dark ambient|drone|electronic|experimental|new age|noise|techno|Uppsala
Passed Recordings;Passed Recordings;The Ghost Of Christmas Passed;Jenn Jacobsen;15;Homeless on Christmas;215;;11651;35;2025-12-19T00:00:00;;https://passedrecordings.bandcamp.com/album/the-ghost-of-christmas-passed;ambient|christmas|compilation|dark ambient|drone|electronic|experimental|new age|noise|techno|Uppsala
Passed Recordings;Passed Recordings;The Ghost Of Christmas Passed;Jollroy;16;How Many Winters Remain?;193;;11651;35;2025-12-19T00:00:00;;https://passedrecordings.bandcamp.com/album/the-ghost-of-christmas-passed;ambient|christmas|compilation|dark ambient|drone|electronic|experimental|new age|noise|techno|Uppsala
Passed Recordings;Passed Recordings;The Ghost Of Christmas Passed;Droids On Acid;17;My Key Still Works;305;;11651;35;2025-12-19T00:00:00;;https://passedrecordings.bandcamp.com/album/the-ghost-of-christmas-passed;ambient|christmas|compilation|dark ambient|drone|electronic|experimental|new age|noise|techno|Uppsala
Passed Recordings;Passed Recordings;The Ghost Of Christmas Passed;Lukas Logan;18;Farewell;373;QT6F82590422;11651;35;2025-12-19T00:00:00;;https://passedrecordings.bandcamp.com/album/the-ghost-of-christmas-passed;ambient|christmas|compilation|dark ambient|drone|electronic|experimental|new age|noise|techno|Uppsala
Passed Recordings;Passed Recordings;The Ghost Of Christmas Passed;G!GA LURGH;19;EYA;275;;11651;35;2025-12-19T00:00:00;;https://passedrecordings.bandcamp.com/album/the-ghost-of-christmas-passed;ambient|christmas|compilation|dark ambient|drone|electronic|experimental|new age|noise|techno|Uppsala
Passed Recordings;Passed Recordings;The Ghost Of Christmas Passed;Unruly Disturbance;20;Winter Chorus;313;;11651;35;2025-12-19T00:00:00;;https://passedrecordings.bandcamp.com/album/the-ghost-of-christmas-passed;ambient|christmas|compilation|dark ambient|drone|electronic|experimental|new age|noise|techno|Uppsala
Passed Recordings;Passed Recordings;The Ghost Of Christmas Passed;Aaron J. Noth;21;The After;522;;11651;35;2025-12-19T00:00:00;;https://passedrecordings.bandcamp.com/album/the-ghost-of-christmas-passed;ambient|christmas|compilation|dark ambient|drone|electronic|experimental|new age|noise|techno|Uppsala
Passed Recordings;Passed Recordings;The Ghost Of Christmas Passed;Legacy Systems;22;Germinids;320;;11651;35;2025-12-19T00:00:00;;https://passedrecordings.bandcamp.com/album/the-ghost-of-christmas-passed;ambient|christmas|compilation|dark ambient|drone|electronic|experimental|new age|noise|techno|Uppsala
Passed Recordings;Passed Recordings;The Ghost Of Christmas Passed;Akinetic;23;come and listen to Cantique de Noël with me by the fire;215;;11651;35;2025-12-19T00:00:00;;https://passedrecordings.bandcamp.com/album/the-ghost-of-christmas-passed;ambient|christmas|compilation|dark ambient|drone|electronic|experimental|new age|noise|techno|Uppsala
Passed Recordings;Passed Recordings;The Ghost Of Christmas Passed;Adventsong;24;Helcaraxë (Night);435;;11651;35;2025-12-19T00:00:00;;https://passedrecordings.bandcamp.com/album/the-ghost-of-christmas-passed;ambient|christmas|compilation|dark ambient|drone|electronic|experimental|new age|noise|techno|Uppsala
Passed Recordings;Passed Recordings;The Ghost Of Christmas Passed;I felt it in my sleep;25;Toyon;391;;11651;35;2025-12-19T00:00:00;;https://passedrecordings.bandcamp.com/album/the-ghost-of-christmas-passed;ambient|christmas|compilation|dark ambient|drone|electronic|experimental|new age|noise|techno|Uppsala
Passed Recordings;Passed Recordings;The Ghost Of Christmas Passed;Nanováros;26;Sisyphus Cries in Winter;414;;11651;35;2025-12-19T00:00:00;;https://passedrecordings.bandcamp.com/album/the-ghost-of-christmas-passed;ambient|christmas|compilation|dark ambient|drone|electronic|experimental|new age|noise|techno|Uppsala
Passed Recordings;Passed Recordings;The Ghost Of Christmas Passed;Chris Hobbs;27;Jingle Bells (...and Then Everything was Alright Again);471;;11651;35;2025-12-19T00:00:00;;https://passedrecordings.bandcamp.com/album/the-ghost-of-christmas-passed;ambient|christmas|compilation|dark ambient|drone|electronic|experimental|new age|noise|techno|Uppsala
Passed Recordings;Passed Recordings;The Ghost Of Christmas Passed;Ruinbox;28;An Empty Dinner Table;241;;11651;35;2025-12-19T00:00:00;;https://passedrecordings.bandcamp.com/album/the-ghost-of-christmas-passed;ambient|christmas|compilation|dark ambient|drone|electronic|experimental|new age|noise|techno|Uppsala
Passed Recordings;Passed Recordings;The Ghost Of Christmas Passed;Tazer McFictionzap|Santy’s Revenge;29;Main Theme;425;;11651;35;2025-12-19T00:00:00;;https://passedrecordings.bandcamp.com/album/the-ghost-of-christmas-passed;ambient|christmas|compilation|dark ambient|drone|electronic|experimental|new age|noise|techno|Uppsala
Passed Recordings;Passed Recordings;The Ghost Of Christmas Passed;imagens;30;qaṣf kanīsat al-quddīs Barfīriyyūs;298;;11651;35;2025-12-19T00:00:00;;https://passedrecordings.bandcamp.com/album/the-ghost-of-christmas-passed;ambient|christmas|compilation|dark ambient|drone|electronic|experimental|new age|noise|techno|Uppsala
Passed Recordings;Passed Recordings;The Ghost Of Christmas Passed;Pollyanna;31;His wings as drifted snow;209;;11651;35;2025-12-19T00:00:00;;https://passedrecordings.bandcamp.com/album/the-ghost-of-christmas-passed;ambient|christmas|compilation|dark ambient|drone|electronic|experimental|new age|noise|techno|Uppsala
Passed Recordings;Passed Recordings;The Ghost Of Christmas Passed;Tari Vega;32;SRIC;128;;11651;35;2025-12-19T00:00:00;;https://passedrecordings.bandcamp.com/album/the-ghost-of-christmas-passed;ambient|christmas|compilation|dark ambient|drone|electronic|experimental|new age|noise|techno|Uppsala
Passed Recordings;Passed Recordings;The Ghost Of Christmas Passed;edbid;33;Hypnosis;513;QZK6P2611238;11651;35;2025-12-19T00:00:00;;https://passedrecordings.bandcamp.com/album/the-ghost-of-christmas-passed;ambient|christmas|compilation|dark ambient|drone|electronic|experimental|new age|noise|techno|Uppsala
Passed Recordings;Passed Recordings;The Ghost Of Christmas Passed;xKEEP TRYINGx;34;alles schläft;553;;11651;35;2025-12-19T00:00:00;;https://passedrecordings.bandcamp.com/album/the-ghost-of-christmas-passed;ambient|christmas|compilation|dark ambient|drone|electronic|experimental|new age|noise|techno|Uppsala
Passed Recordings;Passed Recordings;The Ghost Of Christmas Passed;Redvet;35;Guiding Star (A Journey to the King);569;;11651;35;2025-12-19T00:00:00;;https://passedrecordings.bandcamp.com/album/the-ghost-of-christmas-passed;ambient|christmas|compilation|dark ambient|drone|electronic|experimental|new age|noise|techno|Uppsala
passengers & passage.;Passed Recordings;On How We Got Home;passengers & passage.;1;Wasted Time (Rush Job);273;;2711;5;2025-12-12T00:00:00;;https://passengers-mi.bandcamp.com/album/on-how-we-got-home?label=3985473299&tab=music;ambient|dark ambient|drone|electronic|experimental|lo fi|noise|beats|experimental electronic|sound collage|Warren
passengers & passage.;Passed Recordings;On How We Got Home;passengers & passage.;2;Leaving Home (Torn Apart);476;;2711;5;2025-12-12T00:00:00;;https://passengers-mi.bandcamp.com/album/on-how-we-got-home?label=3985473299&tab=music;ambient|dark ambient|drone|electronic|experimental|lo fi|noise|beats|experimental electronic|sound collage|Warren
passengers & passage.;Passed Recordings;On How We Got Home;passengers & passage.;3;Musicians Doing Drugs;734;;2711;5;2025-12-12T00:00:00;;https://passengers-mi.bandcamp.com/album/on-how-we-got-home?label=3985473299&tab=music;ambient|dark ambient|drone|electronic|experimental|lo fi|noise|beats|experimental electronic|sound collage|Warren
passengers & passage.;Passed Recordings;On How We Got Home;passengers & passage.;4;Coming Home (I Will Never Leave You);516;;2711;5;2025-12-12T00:00:00;;https://passengers-mi.bandcamp.com/album/on-how-we-got-home?label=3985473299&tab=music;ambient|dark ambient|drone|electronic|experimental|lo fi|noise|beats|experimental electronic|sound collage|Warren
passengers & passage.;Passed Recordings;On How We Got Home;passengers & passage.;5;Alone Together Is Not True Love;712;;2711;5;2025-12-12T00:00:00;;https://passengers-mi.bandcamp.com/album/on-how-we-got-home?label=3985473299&tab=music;ambient|dark ambient|drone|electronic|experimental|lo fi|noise|beats|experimental electronic|sound collage|Warren
Take Me There;Passed Recordings;Nine Reflections: Music For Cats;Take Me There;1;Totte (a reflection on childhood);246;QZZ7Q2597005;2486;9;2025-10-24T00:00:00;;https://takemethere.bandcamp.com/album/nine-reflections-music-for-cats?label=3985473299&tab=music;ambient|ambient|atmospheric|dreamy|drone|field recordings|nature|nature recordings|noise|shoegaze|synth|Sweden
Take Me There;Passed Recordings;Nine Reflections: Music For Cats;Take Me There;2;Katten Jönsson (a reflection on nature);314;QZZ7Q2597006;2486;9;2025-10-24T00:00:00;;https://takemethere.bandcamp.com/album/nine-reflections-music-for-cats?label=3985473299&tab=music;ambient|ambient|atmospheric|dreamy|drone|field recordings|nature|nature recordings|noise|shoegaze|synth|Sweden
Take Me There;Passed Recordings;Nine Reflections: Music For Cats;Take Me There;3;Missan (a reflection on change) ft. Leafblighter;275;;2486;9;2025-10-24T00:00:00;;https://takemethere.bandcamp.com/album/nine-reflections-music-for-cats?label=3985473299&tab=music;ambient|ambient|atmospheric|dreamy|drone|field recordings|nature|nature recordings|noise|shoegaze|synth|Sweden
Take Me There;Passed Recordings;Nine Reflections: Music For Cats;Take Me There;4;Murre (a reflection on trauma) ft. David Aimone;248;;2486;9;2025-10-24T00:00:00;;https://takemethere.bandcamp.com/album/nine-reflections-music-for-cats?label=3985473299&tab=music;ambient|ambient|atmospheric|dreamy|drone|field recordings|nature|nature recordings|noise|shoegaze|synth|Sweden
Take Me There;Passed Recordings;Nine Reflections: Music For Cats;Take Me There;5;Måns (a reflection on grief);306;QZZ7Q2597009;2486;9;2025-10-24T00:00:00;;https://takemethere.bandcamp.com/album/nine-reflections-music-for-cats?label=3985473299&tab=music;ambient|ambient|atmospheric|dreamy|drone|field recordings|nature|nature recordings|noise|shoegaze|synth|Sweden
Take Me There;Passed Recordings;Nine Reflections: Music For Cats;Take Me There;6;Vitnos (a reflection on friendship);304;QZZ7Q2597010;2486;9;2025-10-24T00:00:00;;https://takemethere.bandcamp.com/album/nine-reflections-music-for-cats?label=3985473299&tab=music;ambient|ambient|atmospheric|dreamy|drone|field recordings|nature|nature recordings|noise|shoegaze|synth|Sweden
Take Me There;Passed Recordings;Nine Reflections: Music For Cats;Take Me There;7;Leia (a reflection on depression);218;QZZ7Q2597011;2486;9;2025-10-24T00:00:00;;https://takemethere.bandcamp.com/album/nine-reflections-music-for-cats?label=3985473299&tab=music;ambient|ambient|atmospheric|dreamy|drone|field recordings|nature|nature recordings|noise|shoegaze|synth|Sweden
Take Me There;Passed Recordings;Nine Reflections: Music For Cats;Take Me There;8;Lucy (a reflection on love);271;QZZ7Q2597012;2486;9;2025-10-24T00:00:00;;https://takemethere.bandcamp.com/album/nine-reflections-music-for-cats?label=3985473299&tab=music;ambient|ambient|atmospheric|dreamy|drone|field recordings|nature|nature recordings|noise|shoegaze|synth|Sweden
Take Me There;Passed Recordings;Nine Reflections: Music For Cats;Take Me There;9;Thorfinn (a reflection on the future);304;QZZ7Q2597013;2486;9;2025-10-24T00:00:00;;https://takemethere.bandcamp.com/album/nine-reflections-music-for-cats?label=3985473299&tab=music;ambient|ambient|atmospheric|dreamy|drone|field recordings|nature|nature recordings|noise|shoegaze|synth|Sweden
David Aimone;Passed Recordings;Changes;David Aimone;1;Meadowland;691;;2576;8;2025-10-10T00:00:00;;https://davidaimone.bandcamp.com/album/changes?label=3985473299&tab=music;ambient|acoustic|classical|electronic|improv|Saratoga Springs
David Aimone;Passed Recordings;Changes;David Aimone;2;Saturnalia;259;;2576;8;2025-10-10T00:00:00;;https://davidaimone.bandcamp.com/album/changes?label=3985473299&tab=music;ambient|acoustic|classical|electronic|improv|Saratoga Springs
David Aimone;Passed Recordings;Changes;David Aimone;3;Frigid;297;;2576;8;2025-10-10T00:00:00;;https://davidaimone.bandcamp.com/album/changes?label=3985473299&tab=music;ambient|acoustic|classical|electronic|improv|Saratoga Springs
David Aimone;Passed Recordings;Changes;David Aimone;4;Bottom Bay;394;;2576;8;2025-10-10T00:00:00;;https://davidaimone.bandcamp.com/album/changes?label=3985473299&tab=music;ambient|acoustic|classical|electronic|improv|Saratoga Springs
David Aimone;Passed Recordings;Changes;David Aimone;5;Evening Song;172;;2576;8;2025-10-10T00:00:00;;https://davidaimone.bandcamp.com/album/changes?label=3985473299&tab=music;ambient|acoustic|classical|electronic|improv|Saratoga Springs
David Aimone;Passed Recordings;Changes;David Aimone;6;Leaves Falling to the Sea;345;;2576;8;2025-10-10T00:00:00;;https://davidaimone.bandcamp.com/album/changes?label=3985473299&tab=music;ambient|acoustic|classical|electronic|improv|Saratoga Springs
David Aimone;Passed Recordings;Changes;David Aimone;7;Pastoral Interlude;161;;2576;8;2025-10-10T00:00:00;;https://davidaimone.bandcamp.com/album/changes?label=3985473299&tab=music;ambient|acoustic|classical|electronic|improv|Saratoga Springs
David Aimone;Passed Recordings;Changes;David Aimone;8;RainSong;257;;2576;8;2025-10-10T00:00:00;;https://davidaimone.bandcamp.com/album/changes?label=3985473299&tab=music;ambient|acoustic|classical|electronic|improv|Saratoga Springs
Polyhedra;Passed Recordings;Enimardehylop;Polyhedra;1;Rhizome (pt 1);403;;3664;10;2025-10-08T00:00:00;;https://cornusaudiovisual.bandcamp.com/album/enimardehylop?label=3985473299&tab=music;alternative|electronic|experimental|ambient|drum n bass|electronica|hardcore techno|noise|techno|Raleigh
Polyhedra;Passed Recordings;Enimardehylop;Polyhedra;2;Rhizome (pt 2);403;;3664;10;2025-10-08T00:00:00;;https://cornusaudiovisual.bandcamp.com/album/enimardehylop?label=3985473299&tab=music;alternative|electronic|experimental|ambient|drum n bass|electronica|hardcore techno|noise|techno|Raleigh
Polyhedra;Passed Recordings;Enimardehylop;Polyhedra;3;Cloud On The Left;250;;3664;10;2025-10-08T00:00:00;;https://cornusaudiovisual.bandcamp.com/album/enimardehylop?label=3985473299&tab=music;alternative|electronic|experimental|ambient|drum n bass|electronica|hardcore techno|noise|techno|Raleigh
Polyhedra;Passed Recordings;Enimardehylop;Polyhedra;4;Seen The Silk;172;;3664;10;2025-10-08T00:00:00;;https://cornusaudiovisual.bandcamp.com/album/enimardehylop?label=3985473299&tab=music;alternative|electronic|experimental|ambient|drum n bass|electronica|hardcore techno|noise|techno|Raleigh
Polyhedra;Passed Recordings;Enimardehylop;Polyhedra;5;Blissed (Weeping Willow Mix);301;;3664;10;2025-10-08T00:00:00;;https://cornusaudiovisual.bandcamp.com/album/enimardehylop?label=3985473299&tab=music;alternative|electronic|experimental|ambient|drum n bass|electronica|hardcore techno|noise|techno|Raleigh
Polyhedra;Passed Recordings;Enimardehylop;Polyhedra;6;Tawa;241;;3664;10;2025-10-08T00:00:00;;https://cornusaudiovisual.bandcamp.com/album/enimardehylop?label=3985473299&tab=music;alternative|electronic|experimental|ambient|drum n bass|electronica|hardcore techno|noise|techno|Raleigh
Polyhedra;Passed Recordings;Enimardehylop;Polyhedra;7;Cold Fronts;801;;3664;10;2025-10-08T00:00:00;;https://cornusaudiovisual.bandcamp.com/album/enimardehylop?label=3985473299&tab=music;alternative|electronic|experimental|ambient|drum n bass|electronica|hardcore techno|noise|techno|Raleigh
Polyhedra;Passed Recordings;Enimardehylop;Polyhedra;8;A Cyborg Manifesto;271;;3664;10;2025-10-08T00:00:00;;https://cornusaudiovisual.bandcamp.com/album/enimardehylop?label=3985473299&tab=music;alternative|electronic|experimental|ambient|drum n bass|electronica|hardcore techno|noise|techno|Raleigh
Polyhedra;Passed Recordings;Enimardehylop;Polyhedra;9;27596000032;566;;3664;10;2025-10-08T00:00:00;;https://cornusaudiovisual.bandcamp.com/album/enimardehylop?label=3985473299&tab=music;alternative|electronic|experimental|ambient|drum n bass|electronica|hardcore techno|noise|techno|Raleigh
Polyhedra;Passed Recordings;Enimardehylop;Polyhedra;10;External Clock;256;;3664;10;2025-10-08T00:00:00;;https://cornusaudiovisual.bandcamp.com/album/enimardehylop?label=3985473299&tab=music;alternative|electronic|experimental|ambient|drum n bass|electronica|hardcore techno|noise|techno|Raleigh
Polyhedra;Passed Recordings;Polyhedramine;Polyhedra;1;Ontology is a Flat Arial Text;359;;4828;16;2025-10-03T00:00:00;;https://cornusaudiovisual.bandcamp.com/album/polyhedramine?label=3985473299&tab=music;alternative|experimental|acid|ambient|drum n bass|electronic|house|new age|progressive electronic|techno|trance|Raleigh
Polyhedra;Passed Recordings;Polyhedramine;Polyhedra;2;Stuck in The Blue-Room with a Mirror in it;434;;4828;16;2025-10-03T00:00:00;;https://cornusaudiovisual.bandcamp.com/album/polyhedramine?label=3985473299&tab=music;alternative|experimental|acid|ambient|drum n bass|electronic|house|new age|progressive electronic|techno|trance|Raleigh
Polyhedra;Passed Recordings;Polyhedramine;Polyhedra;3;Mifepristone Fluxion;316;;4828;16;2025-10-03T00:00:00;;https://cornusaudiovisual.bandcamp.com/album/polyhedramine?label=3985473299&tab=music;alternative|experimental|acid|ambient|drum n bass|electronic|house|new age|progressive electronic|techno|trance|Raleigh
Polyhedra;Passed Recordings;Polyhedramine;Polyhedra;4;( 0 = 1 + ∞ );352;;4828;16;2025-10-03T00:00:00;;https://cornusaudiovisual.bandcamp.com/album/polyhedramine?label=3985473299&tab=music;alternative|experimental|acid|ambient|drum n bass|electronic|house|new age|progressive electronic|techno|trance|Raleigh
Polyhedra;Passed Recordings;Polyhedramine;Polyhedra;5;Quanfacine Nanospasm;325;;4828;16;2025-10-03T00:00:00;;https://cornusaudiovisual.bandcamp.com/album/polyhedramine?label=3985473299&tab=music;alternative|experimental|acid|ambient|drum n bass|electronic|house|new age|progressive electronic|techno|trance|Raleigh
Polyhedra;Passed Recordings;Polyhedramine;Polyhedra;6;While my sequencer gently weeps (K-Drugz Miox);249;;4828;16;2025-10-03T00:00:00;;https://cornusaudiovisual.bandcamp.com/album/polyhedramine?label=3985473299&tab=music;alternative|experimental|acid|ambient|drum n bass|electronic|house|new age|progressive electronic|techno|trance|Raleigh
Polyhedra;Passed Recordings;Polyhedramine;Polyhedra;7;I'm Not Gone, Just Missing;387;;4828;16;2025-10-03T00:00:00;;https://cornusaudiovisual.bandcamp.com/album/polyhedramine?label=3985473299&tab=music;alternative|experimental|acid|ambient|drum n bass|electronic|house|new age|progressive electronic|techno|trance|Raleigh
Polyhedra;Passed Recordings;Polyhedramine;Polyhedra;8;Who am I_?;101;;4828;16;2025-10-03T00:00:00;;https://cornusaudiovisual.bandcamp.com/album/polyhedramine?label=3985473299&tab=music;alternative|experimental|acid|ambient|drum n bass|electronic|house|new age|progressive electronic|techno|trance|Raleigh
Polyhedra;Passed Recordings;Polyhedramine;Polyhedra;9;Don't overthink it (Manik Kramper);337;;4828;16;2025-10-03T00:00:00;;https://cornusaudiovisual.bandcamp.com/album/polyhedramine?label=3985473299&tab=music;alternative|experimental|acid|ambient|drum n bass|electronic|house|new age|progressive electronic|techno|trance|Raleigh
Polyhedra;Passed Recordings;Polyhedramine;Polyhedra;10;What Happens to a Body of an Object in Decay?;374;;4828;16;2025-10-03T00:00:00;;https://cornusaudiovisual.bandcamp.com/album/polyhedramine?label=3985473299&tab=music;alternative|experimental|acid|ambient|drum n bass|electronic|house|new age|progressive electronic|techno|trance|Raleigh
Polyhedra;Passed Recordings;Polyhedramine;Polyhedra;11;I Want to Exist, Please Let Me Exist;337;;4828;16;2025-10-03T00:00:00;;https://cornusaudiovisual.bandcamp.com/album/polyhedramine?label=3985473299&tab=music;alternative|experimental|acid|ambient|drum n bass|electronic|house|new age|progressive electronic|techno|trance|Raleigh
Polyhedra;Passed Recordings;Polyhedramine;Polyhedra;12;_Untitled_;81;;4828;16;2025-10-03T00:00:00;;https://cornusaudiovisual.bandcamp.com/album/polyhedramine?label=3985473299&tab=music;alternative|experimental|acid|ambient|drum n bass|electronic|house|new age|progressive electronic|techno|trance|Raleigh
Polyhedra;Passed Recordings;Polyhedramine;Polyhedra;13;Cold Classroom Sun;244;;4828;16;2025-10-03T00:00:00;;https://cornusaudiovisual.bandcamp.com/album/polyhedramine?label=3985473299&tab=music;alternative|experimental|acid|ambient|drum n bass|electronic|house|new age|progressive electronic|techno|trance|Raleigh
Polyhedra;Passed Recordings;Polyhedramine;Polyhedra;14;Blissed;245;;4828;16;2025-10-03T00:00:00;;https://cornusaudiovisual.bandcamp.com/album/polyhedramine?label=3985473299&tab=music;alternative|experimental|acid|ambient|drum n bass|electronic|house|new age|progressive electronic|techno|trance|Raleigh
Polyhedra;Passed Recordings;Polyhedramine;Polyhedra;15;Body Without Organs;364;;4828;16;2025-10-03T00:00:00;;https://cornusaudiovisual.bandcamp.com/album/polyhedramine?label=3985473299&tab=music;alternative|experimental|acid|ambient|drum n bass|electronic|house|new age|progressive electronic|techno|trance|Raleigh
Polyhedra;Passed Recordings;Polyhedramine;Polyhedra;16;Sleep Deprevation Wallpaper;323;;4828;16;2025-10-03T00:00:00;;https://cornusaudiovisual.bandcamp.com/album/polyhedramine?label=3985473299&tab=music;alternative|experimental|acid|ambient|drum n bass|electronic|house|new age|progressive electronic|techno|trance|Raleigh
Ed Herbers;Passed Recordings;Tartarus;Ed Herbers;1;Final Approach;324;QZWFW2515743;2784;11;2025-10-01T00:00:00;;https://herbers.bandcamp.com/album/tartarus?label=3985473299&tab=music;ambient|alien|cinematic|dark ambient|dead space|electronic|horror|instrumental|soundtrack|suspense|vgm|Cincinnati
Ed Herbers;Passed Recordings;Tartarus;Ed Herbers;2;Promise & Peril;266;QZWFM2381757;2784;11;2025-10-01T00:00:00;;https://herbers.bandcamp.com/album/tartarus?label=3985473299&tab=music;ambient|alien|cinematic|dark ambient|dead space|electronic|horror|instrumental|soundtrack|suspense|vgm|Cincinnati
Ed Herbers;Passed Recordings;Tartarus;Ed Herbers;3;Anomaly Detected;193;QZWFW2515744;2784;11;2025-10-01T00:00:00;;https://herbers.bandcamp.com/album/tartarus?label=3985473299&tab=music;ambient|alien|cinematic|dark ambient|dead space|electronic|horror|instrumental|soundtrack|suspense|vgm|Cincinnati
Ed Herbers;Passed Recordings;Tartarus;Ed Herbers;4;It Cannot Be Contained;143;QZWFW2515745;2784;11;2025-10-01T00:00:00;;https://herbers.bandcamp.com/album/tartarus?label=3985473299&tab=music;ambient|alien|cinematic|dark ambient|dead space|electronic|horror|instrumental|soundtrack|suspense|vgm|Cincinnati
Ed Herbers;Passed Recordings;Tartarus;Ed Herbers;5;No One Is Going To Save Us;258;QZWFW2515746;2784;11;2025-10-01T00:00:00;;https://herbers.bandcamp.com/album/tartarus?label=3985473299&tab=music;ambient|alien|cinematic|dark ambient|dead space|electronic|horror|instrumental|soundtrack|suspense|vgm|Cincinnati
Ed Herbers;Passed Recordings;Tartarus;Ed Herbers;6;Distress Signal;235;QZWFW2515747;2784;11;2025-10-01T00:00:00;;https://herbers.bandcamp.com/album/tartarus?label=3985473299&tab=music;ambient|alien|cinematic|dark ambient|dead space|electronic|horror|instrumental|soundtrack|suspense|vgm|Cincinnati
Ed Herbers;Passed Recordings;Tartarus;Ed Herbers;7;No Response;242;QZWFW2515748;2784;11;2025-10-01T00:00:00;;https://herbers.bandcamp.com/album/tartarus?label=3985473299&tab=music;ambient|alien|cinematic|dark ambient|dead space|electronic|horror|instrumental|soundtrack|suspense|vgm|Cincinnati
Ed Herbers;Passed Recordings;Tartarus;Ed Herbers;8;Insomnia;238;QZFZ22423844;2784;11;2025-10-01T00:00:00;;https://herbers.bandcamp.com/album/tartarus?label=3985473299&tab=music;ambient|alien|cinematic|dark ambient|dead space|electronic|horror|instrumental|soundtrack|suspense|vgm|Cincinnati
Ed Herbers;Passed Recordings;Tartarus;Ed Herbers;9;Calculated Risk;342;QZWFW2515749;2784;11;2025-10-01T00:00:00;;https://herbers.bandcamp.com/album/tartarus?label=3985473299&tab=music;ambient|alien|cinematic|dark ambient|dead space|electronic|horror|instrumental|soundtrack|suspense|vgm|Cincinnati
Ed Herbers;Passed Recordings;Tartarus;Ed Herbers;10;A Way Out;308;QZWFW2515750;2784;11;2025-10-01T00:00:00;;https://herbers.bandcamp.com/album/tartarus?label=3985473299&tab=music;ambient|alien|cinematic|dark ambient|dead space|electronic|horror|instrumental|soundtrack|suspense|vgm|Cincinnati
Ed Herbers;Passed Recordings;Tartarus;Ed Herbers;11;Entropy;235;QZWFW2515751;2784;11;2025-10-01T00:00:00;;https://herbers.bandcamp.com/album/tartarus?label=3985473299&tab=music;ambient|alien|cinematic|dark ambient|dead space|electronic|horror|instrumental|soundtrack|suspense|vgm|Cincinnati
Passed Recordings;Passed Recordings;Hurrian Hymns;David Aimone;1;Saturnalia;259;;7784;26;2025-09-26T00:00:00;;https://passedrecordings.bandcamp.com/album/hurrian-hymns;ambient|drone|electronic|hurrian|noise|Uppsala
Passed Recordings;Passed Recordings;Hurrian Hymns;Antevie;2;Buried Somewhere in The Unknown;198;;7784;26;2025-09-26T00:00:00;;https://passedrecordings.bandcamp.com/album/hurrian-hymns;ambient|drone|electronic|hurrian|noise|Uppsala
Passed Recordings;Passed Recordings;Hurrian Hymns;Sertulariae;3;Bingus's Rag;261;QT6G42597576;7784;26;2025-09-26T00:00:00;;https://passedrecordings.bandcamp.com/album/hurrian-hymns;ambient|drone|electronic|hurrian|noise|Uppsala
Passed Recordings;Passed Recordings;Hurrian Hymns;Mathew Gracie;4;On the Shores of Ugarit;300;;7784;26;2025-09-26T00:00:00;;https://passedrecordings.bandcamp.com/album/hurrian-hymns;ambient|drone|electronic|hurrian|noise|Uppsala
Passed Recordings;Passed Recordings;Hurrian Hymns;Legacy Systems;5;Ghosts In The Clay Tablet;313;;7784;26;2025-09-26T00:00:00;;https://passedrecordings.bandcamp.com/album/hurrian-hymns;ambient|drone|electronic|hurrian|noise|Uppsala
Passed Recordings;Passed Recordings;Hurrian Hymns;Asha Patera;6;Morning, Long Ago;269;;7784;26;2025-09-26T00:00:00;;https://passedrecordings.bandcamp.com/album/hurrian-hymns;ambient|drone|electronic|hurrian|noise|Uppsala
Passed Recordings;Passed Recordings;Hurrian Hymns;imagens;7;human nature never changes;335;;7784;26;2025-09-26T00:00:00;;https://passedrecordings.bandcamp.com/album/hurrian-hymns;ambient|drone|electronic|hurrian|noise|Uppsala
Passed Recordings;Passed Recordings;Hurrian Hymns;Ghola V;8;Elegia;242;;7784;26;2025-09-26T00:00:00;;https://passedrecordings.bandcamp.com/album/hurrian-hymns;ambient|drone|electronic|hurrian|noise|Uppsala
Passed Recordings;Passed Recordings;Hurrian Hymns;EPIMYTH;9;Urkesh;293;;7784;26;2025-09-26T00:00:00;;https://passedrecordings.bandcamp.com/album/hurrian-hymns;ambient|drone|electronic|hurrian|noise|Uppsala
Passed Recordings;Passed Recordings;Hurrian Hymns;passengers;10;Whispered Secrets;255;;7784;26;2025-09-26T00:00:00;;https://passedrecordings.bandcamp.com/album/hurrian-hymns;ambient|drone|electronic|hurrian|noise|Uppsala
Passed Recordings;Passed Recordings;Hurrian Hymns;housefire;11;Monuments, Valleys;255;;7784;26;2025-09-26T00:00:00;;https://passedrecordings.bandcamp.com/album/hurrian-hymns;ambient|drone|electronic|hurrian|noise|Uppsala
Passed Recordings;Passed Recordings;Hurrian Hymns;I felt it in my sleep;12;Asherah;261;;7784;26;2025-09-26T00:00:00;;https://passedrecordings.bandcamp.com/album/hurrian-hymns;ambient|drone|electronic|hurrian|noise|Uppsala
Passed Recordings;Passed Recordings;Hurrian Hymns;Aaron J. Noth;13;Voyagers;445;;7784;26;2025-09-26T00:00:00;;https://passedrecordings.bandcamp.com/album/hurrian-hymns;ambient|drone|electronic|hurrian|noise|Uppsala
Passed Recordings;Passed Recordings;Hurrian Hymns;Exit Chamber;14;How Easily We Lost A World That Seemed So Safe And Certain;278;;7784;26;2025-09-26T00:00:00;;https://passedrecordings.bandcamp.com/album/hurrian-hymns;ambient|drone|electronic|hurrian|noise|Uppsala
Passed Recordings;Passed Recordings;Hurrian Hymns;Laura Burton;15;Nikkal;307;;7784;26;2025-09-26T00:00:00;;https://passedrecordings.bandcamp.com/album/hurrian-hymns;ambient|drone|electronic|hurrian|noise|Uppsala
Passed Recordings;Passed Recordings;Hurrian Hymns;Droids On Acid;16;3:10 To Hurrian;190;;7784;26;2025-09-26T00:00:00;;https://passedrecordings.bandcamp.com/album/hurrian-hymns;ambient|drone|electronic|hurrian|noise|Uppsala
Passed Recordings;Passed Recordings;Hurrian Hymns;G!GA LURGH;17;Jardin Lunaire;181;;7784;26;2025-09-26T00:00:00;;https://passedrecordings.bandcamp.com/album/hurrian-hymns;ambient|drone|electronic|hurrian|noise|Uppsala
Passed Recordings;Passed Recordings;Hurrian Hymns;Pollyanna;18;The Sun Upon Ashlar Stones;211;;7784;26;2025-09-26T00:00:00;;https://passedrecordings.bandcamp.com/album/hurrian-hymns;ambient|drone|electronic|hurrian|noise|Uppsala
Passed Recordings;Passed Recordings;Hurrian Hymns;Cavern Cult;19;Ancient Potentials;291;;7784;26;2025-09-26T00:00:00;;https://passedrecordings.bandcamp.com/album/hurrian-hymns;ambient|drone|electronic|hurrian|noise|Uppsala
Passed Recordings;Passed Recordings;Hurrian Hymns;Ærebus;20;In the Garden of the Lady;199;QT6ED2599284;7784;26;2025-09-26T00:00:00;;https://passedrecordings.bandcamp.com/album/hurrian-hymns;ambient|drone|electronic|hurrian|noise|Uppsala
Passed Recordings;Passed Recordings;Hurrian Hymns;Sylvia Virgo;21;Eyes Forward;301;;7784;26;2025-09-26T00:00:00;;https://passedrecordings.bandcamp.com/album/hurrian-hymns;ambient|drone|electronic|hurrian|noise|Uppsala
Passed Recordings;Passed Recordings;Hurrian Hymns;Jollroy;22;A Dream of Ugarit;362;QT3FG2507536;7784;26;2025-09-26T00:00:00;;https://passedrecordings.bandcamp.com/album/hurrian-hymns;ambient|drone|electronic|hurrian|noise|Uppsala
Passed Recordings;Passed Recordings;Hurrian Hymns;On Idyl;23;The Temple on Silver Mountain;355;;7784;26;2025-09-26T00:00:00;;https://passedrecordings.bandcamp.com/album/hurrian-hymns;ambient|drone|electronic|hurrian|noise|Uppsala
Passed Recordings;Passed Recordings;Hurrian Hymns;Will Dee;24;Endless Growing;261;;7784;26;2025-09-26T00:00:00;;https://passedrecordings.bandcamp.com/album/hurrian-hymns;ambient|drone|electronic|hurrian|noise|Uppsala
Passed Recordings;Passed Recordings;Hurrian Hymns;The Music Liberation Front Sweden;25;Here Comes A Beautiful Summer (1400BC);518;;7784;26;2025-09-26T00:00:00;;https://passedrecordings.bandcamp.com/album/hurrian-hymns;ambient|drone|electronic|hurrian|noise|Uppsala
Passed Recordings;Passed Recordings;Hurrian Hymns;oetahn bahn;26;the orchards of your love have withered forgotten, but the fields they once stood on are ripe for sowing;644;;7784;26;2025-09-26T00:00:00;;https://passedrecordings.bandcamp.com/album/hurrian-hymns;ambient|drone|electronic|hurrian|noise|Uppsala
On Idyl;Passed Recordings;The Fecund Wood (Long-Form Edition);On Idyl;1;Nemophilist (1 hour mix);3600;;32400;9;2025-08-29T00:00:00;;https://onidyl.bandcamp.com/album/the-fecund-wood-long-form-edition?label=3985473299&tab=music;alternative|alternative rock|ambient|electronic|post-rock|psychedelic|shoegaze|vcvrack|Bellingham
On Idyl;Passed Recordings;The Fecund Wood (Long-Form Edition);On Idyl;2;Regrowth (1 hour mix);3600;;32400;9;2025-08-29T00:00:00;;https://onidyl.bandcamp.com/album/the-fecund-wood-long-form-edition?label=3985473299&tab=music;alternative|alternative rock|ambient|electronic|post-rock|psychedelic|shoegaze|vcvrack|Bellingham
On Idyl;Passed Recordings;The Fecund Wood (Long-Form Edition);On Idyl;3;Syncrete (1 hour mix);3600;;32400;9;2025-08-29T00:00:00;;https://onidyl.bandcamp.com/album/the-fecund-wood-long-form-edition?label=3985473299&tab=music;alternative|alternative rock|ambient|electronic|post-rock|psychedelic|shoegaze|vcvrack|Bellingham
On Idyl;Passed Recordings;The Fecund Wood (Long-Form Edition);On Idyl;4;The Fecund Wood  (1 hour mix);3600;;32400;9;2025-08-29T00:00:00;;https://onidyl.bandcamp.com/album/the-fecund-wood-long-form-edition?label=3985473299&tab=music;alternative|alternative rock|ambient|electronic|post-rock|psychedelic|shoegaze|vcvrack|Bellingham
On Idyl;Passed Recordings;The Fecund Wood (Long-Form Edition);On Idyl;5;Night Falls (1 hour mix);3600;;32400;9;2025-08-29T00:00:00;;https://onidyl.bandcamp.com/album/the-fecund-wood-long-form-edition?label=3985473299&tab=music;alternative|alternative rock|ambient|electronic|post-rock|psychedelic|shoegaze|vcvrack|Bellingham
On Idyl;Passed Recordings;The Fecund Wood (Long-Form Edition);On Idyl;6;Lost in the Morning (1 hour mix);3600;;32400;9;2025-08-29T00:00:00;;https://onidyl.bandcamp.com/album/the-fecund-wood-long-form-edition?label=3985473299&tab=music;alternative|alternative rock|ambient|electronic|post-rock|psychedelic|shoegaze|vcvrack|Bellingham
On Idyl;Passed Recordings;The Fecund Wood (Long-Form Edition);On Idyl;7;Ritual (1 hour mix);3600;;32400;9;2025-08-29T00:00:00;;https://onidyl.bandcamp.com/album/the-fecund-wood-long-form-edition?label=3985473299&tab=music;alternative|alternative rock|ambient|electronic|post-rock|psychedelic|shoegaze|vcvrack|Bellingham
On Idyl;Passed Recordings;The Fecund Wood (Long-Form Edition);On Idyl;8;Enlichenment (1 hour mix);3600;;32400;9;2025-08-29T00:00:00;;https://onidyl.bandcamp.com/album/the-fecund-wood-long-form-edition?label=3985473299&tab=music;alternative|alternative rock|ambient|electronic|post-rock|psychedelic|shoegaze|vcvrack|Bellingham
On Idyl;Passed Recordings;The Fecund Wood (Long-Form Edition);On Idyl;9;A Path Forward (1 hour mix);3600;;32400;9;2025-08-29T00:00:00;;https://onidyl.bandcamp.com/album/the-fecund-wood-long-form-edition?label=3985473299&tab=music;alternative|alternative rock|ambient|electronic|post-rock|psychedelic|shoegaze|vcvrack|Bellingham
On Idyl;Passed Recordings;The Fecund Wood;On Idyl;1;Nemophilist;363;QZNXN2502001;3666;9;2025-08-22T00:00:00;;https://onidyl.bandcamp.com/album/the-fecund-wood?label=3985473299&tab=music;alternative|alternative rock|ambient|electronic|post-rock|psychedelic|shoegaze|vcvrack|Bellingham
On Idyl;Passed Recordings;The Fecund Wood;On Idyl;2;Regrowth;296;QZNXN2502002;3666;9;2025-08-22T00:00:00;;https://onidyl.bandcamp.com/album/the-fecund-wood?label=3985473299&tab=music;alternative|alternative rock|ambient|electronic|post-rock|psychedelic|shoegaze|vcvrack|Bellingham
On Idyl;Passed Recordings;The Fecund Wood;On Idyl;3;Syncrete;340;QZNXN2502003;3666;9;2025-08-22T00:00:00;;https://onidyl.bandcamp.com/album/the-fecund-wood?label=3985473299&tab=music;alternative|alternative rock|ambient|electronic|post-rock|psychedelic|shoegaze|vcvrack|Bellingham
On Idyl;Passed Recordings;The Fecund Wood;On Idyl;4;The Fecund Wood;581;QZNXN2502004;3666;9;2025-08-22T00:00:00;;https://onidyl.bandcamp.com/album/the-fecund-wood?label=3985473299&tab=music;alternative|alternative rock|ambient|electronic|post-rock|psychedelic|shoegaze|vcvrack|Bellingham
On Idyl;Passed Recordings;The Fecund Wood;On Idyl;5;Night Falls;410;QZNXN2502005;3666;9;2025-08-22T00:00:00;;https://onidyl.bandcamp.com/album/the-fecund-wood?label=3985473299&tab=music;alternative|alternative rock|ambient|electronic|post-rock|psychedelic|shoegaze|vcvrack|Bellingham
On Idyl;Passed Recordings;The Fecund Wood;On Idyl;6;Lost in the Morning;526;QZNXN2502006;3666;9;2025-08-22T00:00:00;;https://onidyl.bandcamp.com/album/the-fecund-wood?label=3985473299&tab=music;alternative|alternative rock|ambient|electronic|post-rock|psychedelic|shoegaze|vcvrack|Bellingham
On Idyl;Passed Recordings;The Fecund Wood;On Idyl;7;Ritual;282;QZNXN2502007;3666;9;2025-08-22T00:00:00;;https://onidyl.bandcamp.com/album/the-fecund-wood?label=3985473299&tab=music;alternative|alternative rock|ambient|electronic|post-rock|psychedelic|shoegaze|vcvrack|Bellingham
On Idyl;Passed Recordings;The Fecund Wood;On Idyl;8;Enlichenment;433;QZNXN2501001;3666;9;2025-08-22T00:00:00;;https://onidyl.bandcamp.com/album/the-fecund-wood?label=3985473299&tab=music;alternative|alternative rock|ambient|electronic|post-rock|psychedelic|shoegaze|vcvrack|Bellingham
On Idyl;Passed Recordings;The Fecund Wood;On Idyl;9;A Path Forward;435;QZNXN2502009;3666;9;2025-08-22T00:00:00;;https://onidyl.bandcamp.com/album/the-fecund-wood?label=3985473299&tab=music;alternative|alternative rock|ambient|electronic|post-rock|psychedelic|shoegaze|vcvrack|Bellingham
Polyhedra;Passed Recordings;Katabatic;Polyhedra;1;Hello Blueroom;96;;3672;14;2025-07-07T00:00:00;;https://cornusaudiovisual.bandcamp.com/album/katabatic?label=3985473299&tab=music;alternative|dnb|experimental|ambient|idm|jungle|techno|trance|Raleigh
Polyhedra;Passed Recordings;Katabatic;Polyhedra;2;Gattaca;230;;3672;14;2025-07-07T00:00:00;;https://cornusaudiovisual.bandcamp.com/album/katabatic?label=3985473299&tab=music;alternative|dnb|experimental|ambient|idm|jungle|techno|trance|Raleigh
Polyhedra;Passed Recordings;Katabatic;Polyhedra;3;Don't overthink it (Manik Kramper);337;;3672;14;2025-07-07T00:00:00;;https://cornusaudiovisual.bandcamp.com/album/katabatic?label=3985473299&tab=music;alternative|dnb|experimental|ambient|idm|jungle|techno|trance|Raleigh
Polyhedra;Passed Recordings;Katabatic;Polyhedra;4;Float like a blue balloon covered;255;;3672;14;2025-07-07T00:00:00;;https://cornusaudiovisual.bandcamp.com/album/katabatic?label=3985473299&tab=music;alternative|dnb|experimental|ambient|idm|jungle|techno|trance|Raleigh
Polyhedra;Passed Recordings;Katabatic;Polyhedra;5;In my room;361;;3672;14;2025-07-07T00:00:00;;https://cornusaudiovisual.bandcamp.com/album/katabatic?label=3985473299&tab=music;alternative|dnb|experimental|ambient|idm|jungle|techno|trance|Raleigh
Polyhedra;Passed Recordings;Katabatic;Polyhedra;6;What Happens to a Body of an Object in Decay?;374;;3672;14;2025-07-07T00:00:00;;https://cornusaudiovisual.bandcamp.com/album/katabatic?label=3985473299&tab=music;alternative|dnb|experimental|ambient|idm|jungle|techno|trance|Raleigh
Polyhedra;Passed Recordings;Katabatic;Polyhedra;7;No more moon in the water;203;;3672;14;2025-07-07T00:00:00;;https://cornusaudiovisual.bandcamp.com/album/katabatic?label=3985473299&tab=music;alternative|dnb|experimental|ambient|idm|jungle|techno|trance|Raleigh
Polyhedra;Passed Recordings;Katabatic;Polyhedra;8;Under-antartica;287;;3672;14;2025-07-07T00:00:00;;https://cornusaudiovisual.bandcamp.com/album/katabatic?label=3985473299&tab=music;alternative|dnb|experimental|ambient|idm|jungle|techno|trance|Raleigh
Polyhedra;Passed Recordings;Katabatic;Polyhedra;9;K-Archivator;245;;3672;14;2025-07-07T00:00:00;;https://cornusaudiovisual.bandcamp.com/album/katabatic?label=3985473299&tab=music;alternative|dnb|experimental|ambient|idm|jungle|techno|trance|Raleigh
Polyhedra;Passed Recordings;Katabatic;Polyhedra;10;Redshift;141;;3672;14;2025-07-07T00:00:00;;https://cornusaudiovisual.bandcamp.com/album/katabatic?label=3985473299&tab=music;alternative|dnb|experimental|ambient|idm|jungle|techno|trance|Raleigh
Polyhedra;Passed Recordings;Katabatic;Polyhedra;11;A deep endless summer;294;;3672;14;2025-07-07T00:00:00;;https://cornusaudiovisual.bandcamp.com/album/katabatic?label=3985473299&tab=music;alternative|dnb|experimental|ambient|idm|jungle|techno|trance|Raleigh
Polyhedra;Passed Recordings;Katabatic;Polyhedra;12;Mushroom Blue;155;;3672;14;2025-07-07T00:00:00;;https://cornusaudiovisual.bandcamp.com/album/katabatic?label=3985473299&tab=music;alternative|dnb|experimental|ambient|idm|jungle|techno|trance|Raleigh
Polyhedra;Passed Recordings;Katabatic;Polyhedra;13;Blue Hour;117;;3672;14;2025-07-07T00:00:00;;https://cornusaudiovisual.bandcamp.com/album/katabatic?label=3985473299&tab=music;alternative|dnb|experimental|ambient|idm|jungle|techno|trance|Raleigh
Polyhedra;Passed Recordings;Katabatic;Polyhedra;14;Silicon Avatar;577;;3672;14;2025-07-07T00:00:00;;https://cornusaudiovisual.bandcamp.com/album/katabatic?label=3985473299&tab=music;alternative|dnb|experimental|ambient|idm|jungle|techno|trance|Raleigh
Asha Patera;Passed Recordings;Call To Silence;Asha Patera;1;Aeturnus;368;QZTBA2542058;4075;11;2025-06-27T00:00:00;;https://ashapatera.bandcamp.com/album/call-to-silence?label=3985473299&tab=music;ambient|ambient|ambient electronic|dark ambient|downtempo|drone|drone ambient|electronica|post-rock|United Kingdom
Asha Patera;Passed Recordings;Call To Silence;Asha Patera;2;Organisation Across Spaces;222;QZTBA2542059;4075;11;2025-06-27T00:00:00;;https://ashapatera.bandcamp.com/album/call-to-silence?label=3985473299&tab=music;ambient|ambient|ambient electronic|dark ambient|downtempo|drone|drone ambient|electronica|post-rock|United Kingdom
Asha Patera;Passed Recordings;Call To Silence;Asha Patera;3;Company Of One;565;QZTBA2542060;4075;11;2025-06-27T00:00:00;;https://ashapatera.bandcamp.com/album/call-to-silence?label=3985473299&tab=music;ambient|ambient|ambient electronic|dark ambient|downtempo|drone|drone ambient|electronica|post-rock|United Kingdom
Asha Patera;Passed Recordings;Call To Silence;Asha Patera;4;Chapter;513;QZTBA2542061;4075;11;2025-06-27T00:00:00;;https://ashapatera.bandcamp.com/album/call-to-silence?label=3985473299&tab=music;ambient|ambient|ambient electronic|dark ambient|downtempo|drone|drone ambient|electronica|post-rock|United Kingdom
Asha Patera;Passed Recordings;Call To Silence;Asha Patera;5;Equals;394;QZTBA2542062;4075;11;2025-06-27T00:00:00;;https://ashapatera.bandcamp.com/album/call-to-silence?label=3985473299&tab=music;ambient|ambient|ambient electronic|dark ambient|downtempo|drone|drone ambient|electronica|post-rock|United Kingdom
Asha Patera;Passed Recordings;Call To Silence;Asha Patera;6;I Never Felt That In You;312;QZTBA2542063;4075;11;2025-06-27T00:00:00;;https://ashapatera.bandcamp.com/album/call-to-silence?label=3985473299&tab=music;ambient|ambient|ambient electronic|dark ambient|downtempo|drone|drone ambient|electronica|post-rock|United Kingdom
Asha Patera;Passed Recordings;Call To Silence;Asha Patera;7;Departmental;419;QZTBA2542064;4075;11;2025-06-27T00:00:00;;https://ashapatera.bandcamp.com/album/call-to-silence?label=3985473299&tab=music;ambient|ambient|ambient electronic|dark ambient|downtempo|drone|drone ambient|electronica|post-rock|United Kingdom
Asha Patera;Passed Recordings;Call To Silence;Asha Patera;8;Joyless Nation;371;QZTBA2542065;4075;11;2025-06-27T00:00:00;;https://ashapatera.bandcamp.com/album/call-to-silence?label=3985473299&tab=music;ambient|ambient|ambient electronic|dark ambient|downtempo|drone|drone ambient|electronica|post-rock|United Kingdom
Asha Patera;Passed Recordings;Call To Silence;Asha Patera;9;Call To Silence;316;QZTBA2542066;4075;11;2025-06-27T00:00:00;;https://ashapatera.bandcamp.com/album/call-to-silence?label=3985473299&tab=music;ambient|ambient|ambient electronic|dark ambient|downtempo|drone|drone ambient|electronica|post-rock|United Kingdom
Asha Patera;Passed Recordings;Call To Silence;Asha Patera;10;One Day At A Time;149;QZTBA2542067;4075;11;2025-06-27T00:00:00;;https://ashapatera.bandcamp.com/album/call-to-silence?label=3985473299&tab=music;ambient|ambient|ambient electronic|dark ambient|downtempo|drone|drone ambient|electronica|post-rock|United Kingdom
Asha Patera;Passed Recordings;Call To Silence;Asha Patera;11;Installment;446;QZTBA2542068;4075;11;2025-06-27T00:00:00;;https://ashapatera.bandcamp.com/album/call-to-silence?label=3985473299&tab=music;ambient|ambient|ambient electronic|dark ambient|downtempo|drone|drone ambient|electronica|post-rock|United Kingdom
passengers & I felt it in my sleep;Passed Recordings;Lost in a perfect world;passengers & I felt it in my sleep;1;Summertime;181;QZTB32513911;1913;6;2025-06-20T00:00:00;;https://passengers-mi.bandcamp.com/album/lost-in-a-perfect-world?label=3985473299&tab=music;ambient|dark ambient|drone|experimental|lo fi|noise|experimental electronic|plunderphonics|Warren
passengers & I felt it in my sleep;Passed Recordings;Lost in a perfect world;passengers & I felt it in my sleep;2;I Just Woke Up;178;QZTB32513912;1913;6;2025-06-20T00:00:00;;https://passengers-mi.bandcamp.com/album/lost-in-a-perfect-world?label=3985473299&tab=music;ambient|dark ambient|drone|experimental|lo fi|noise|experimental electronic|plunderphonics|Warren
passengers & I felt it in my sleep;Passed Recordings;Lost in a perfect world;passengers & I felt it in my sleep;3;Home;199;QZTB32513913;1913;6;2025-06-20T00:00:00;;https://passengers-mi.bandcamp.com/album/lost-in-a-perfect-world?label=3985473299&tab=music;ambient|dark ambient|drone|experimental|lo fi|noise|experimental electronic|plunderphonics|Warren
passengers & I felt it in my sleep;Passed Recordings;Lost in a perfect world;passengers & I felt it in my sleep;4;The Incantation of Matter;662;QZTB32513914;1913;6;2025-06-20T00:00:00;;https://passengers-mi.bandcamp.com/album/lost-in-a-perfect-world?label=3985473299&tab=music;ambient|dark ambient|drone|experimental|lo fi|noise|experimental electronic|plunderphonics|Warren
passengers & I felt it in my sleep;Passed Recordings;Lost in a perfect world;passengers & I felt it in my sleep;5;I Think This Gets Called Outsider House;99;QZTB32513915;1913;6;2025-06-20T00:00:00;;https://passengers-mi.bandcamp.com/album/lost-in-a-perfect-world?label=3985473299&tab=music;ambient|dark ambient|drone|experimental|lo fi|noise|experimental electronic|plunderphonics|Warren
passengers & I felt it in my sleep;Passed Recordings;Lost in a perfect world;passengers & I felt it in my sleep;6;Lost in a perfect world;594;QZTB32513916;1913;6;2025-06-20T00:00:00;;https://passengers-mi.bandcamp.com/album/lost-in-a-perfect-world?label=3985473299&tab=music;ambient|dark ambient|drone|experimental|lo fi|noise|experimental electronic|plunderphonics|Warren
David Aimone;Passed Recordings;Curiosità Ajmone;David Aimone;1;Future Hope;267;;3563;12;2025-06-13T00:00:00;;https://davidaimone.bandcamp.com/album/curiosit-ajmone?label=3985473299&tab=music;ambient|acoustic|classical|electronic|improv|Saratoga Springs
David Aimone;Passed Recordings;Curiosità Ajmone;David Aimone;2;Elements;158;;3563;12;2025-06-13T00:00:00;;https://davidaimone.bandcamp.com/album/curiosit-ajmone?label=3985473299&tab=music;ambient|acoustic|classical|electronic|improv|Saratoga Springs
David Aimone;Passed Recordings;Curiosità Ajmone;David Aimone;3;TimeDown;346;;3563;12;2025-06-13T00:00:00;;https://davidaimone.bandcamp.com/album/curiosit-ajmone?label=3985473299&tab=music;ambient|acoustic|classical|electronic|improv|Saratoga Springs
David Aimone;Passed Recordings;Curiosità Ajmone;David Aimone;4;Golden;540;;3563;12;2025-06-13T00:00:00;;https://davidaimone.bandcamp.com/album/curiosit-ajmone?label=3985473299&tab=music;ambient|acoustic|classical|electronic|improv|Saratoga Springs
David Aimone;Passed Recordings;Curiosità Ajmone;David Aimone;5;Pipe Dream;197;;3563;12;2025-06-13T00:00:00;;https://davidaimone.bandcamp.com/album/curiosit-ajmone?label=3985473299&tab=music;ambient|acoustic|classical|electronic|improv|Saratoga Springs
David Aimone;Passed Recordings;Curiosità Ajmone;David Aimone;6;ScatterStrum;442;;3563;12;2025-06-13T00:00:00;;https://davidaimone.bandcamp.com/album/curiosit-ajmone?label=3985473299&tab=music;ambient|acoustic|classical|electronic|improv|Saratoga Springs
David Aimone;Passed Recordings;Curiosità Ajmone;David Aimone;7;Avoir Linn;167;;3563;12;2025-06-13T00:00:00;;https://davidaimone.bandcamp.com/album/curiosit-ajmone?label=3985473299&tab=music;ambient|acoustic|classical|electronic|improv|Saratoga Springs
David Aimone;Passed Recordings;Curiosità Ajmone;David Aimone;8;Muted Resonances;256;;3563;12;2025-06-13T00:00:00;;https://davidaimone.bandcamp.com/album/curiosit-ajmone?label=3985473299&tab=music;ambient|acoustic|classical|electronic|improv|Saratoga Springs
David Aimone;Passed Recordings;Curiosità Ajmone;David Aimone;9;Felt II;137;;3563;12;2025-06-13T00:00:00;;https://davidaimone.bandcamp.com/album/curiosit-ajmone?label=3985473299&tab=music;ambient|acoustic|classical|electronic|improv|Saratoga Springs
David Aimone;Passed Recordings;Curiosità Ajmone;David Aimone;10;Basilica;350;;3563;12;2025-06-13T00:00:00;;https://davidaimone.bandcamp.com/album/curiosit-ajmone?label=3985473299&tab=music;ambient|acoustic|classical|electronic|improv|Saratoga Springs
David Aimone;Passed Recordings;Curiosità Ajmone;David Aimone;11;Song for a Missing Brother;409;ushm80406345;3563;12;2025-06-13T00:00:00;;https://davidaimone.bandcamp.com/album/curiosit-ajmone?label=3985473299&tab=music;ambient|acoustic|classical|electronic|improv|Saratoga Springs
David Aimone;Passed Recordings;Curiosità Ajmone;David Aimone;12;Changeling;294;;3563;12;2025-06-13T00:00:00;;https://davidaimone.bandcamp.com/album/curiosit-ajmone?label=3985473299&tab=music;ambient|acoustic|classical|electronic|improv|Saratoga Springs
Cavern Cult;Passed Recordings;Approach;Cavern Cult;1;Approach;116;;1202;8;2025-06-01T00:00:00;;https://caverncult.bandcamp.com/album/approach?label=3985473299&tab=music;alternative|offenbach am main|alternative|beats|cinematic music|dark|heavy|instrumental|melancholic|post-rock|Offenbach
Cavern Cult;Passed Recordings;Approach;Cavern Cult;2;Broken Shadows;135;;1202;8;2025-06-01T00:00:00;;https://caverncult.bandcamp.com/album/approach?label=3985473299&tab=music;alternative|offenbach am main|alternative|beats|cinematic music|dark|heavy|instrumental|melancholic|post-rock|Offenbach
Cavern Cult;Passed Recordings;Approach;Cavern Cult;3;Glare;209;;1202;8;2025-06-01T00:00:00;;https://caverncult.bandcamp.com/album/approach?label=3985473299&tab=music;alternative|offenbach am main|alternative|beats|cinematic music|dark|heavy|instrumental|melancholic|post-rock|Offenbach
Cavern Cult;Passed Recordings;Approach;Cavern Cult;4;Linger;163;;1202;8;2025-06-01T00:00:00;;https://caverncult.bandcamp.com/album/approach?label=3985473299&tab=music;alternative|offenbach am main|alternative|beats|cinematic music|dark|heavy|instrumental|melancholic|post-rock|Offenbach
Cavern Cult;Passed Recordings;Approach;Cavern Cult;5;Algorhythmic Dreams;142;;1202;8;2025-06-01T00:00:00;;https://caverncult.bandcamp.com/album/approach?label=3985473299&tab=music;alternative|offenbach am main|alternative|beats|cinematic music|dark|heavy|instrumental|melancholic|post-rock|Offenbach
Cavern Cult;Passed Recordings;Approach;Cavern Cult;6;Shattered;174;;1202;8;2025-06-01T00:00:00;;https://caverncult.bandcamp.com/album/approach?label=3985473299&tab=music;alternative|offenbach am main|alternative|beats|cinematic music|dark|heavy|instrumental|melancholic|post-rock|Offenbach
Cavern Cult;Passed Recordings;Approach;Cavern Cult;7;Of Hope;114;;1202;8;2025-06-01T00:00:00;;https://caverncult.bandcamp.com/album/approach?label=3985473299&tab=music;alternative|offenbach am main|alternative|beats|cinematic music|dark|heavy|instrumental|melancholic|post-rock|Offenbach
Cavern Cult;Passed Recordings;Approach;Cavern Cult;8;To Go On;149;;1202;8;2025-06-01T00:00:00;;https://caverncult.bandcamp.com/album/approach?label=3985473299&tab=music;alternative|offenbach am main|alternative|beats|cinematic music|dark|heavy|instrumental|melancholic|post-rock|Offenbach
On Idyl;Passed Recordings;Enlichenment;On Idyl;1;Enlichenment;433;QZNXN2501001;879;2;2025-05-09T00:00:00;;https://onidyl.bandcamp.com/album/enlichenment?label=3985473299&tab=music;alternative|alternative rock|ambient|post-rock|psychedelic|shoegaze|Bellingham
On Idyl;Passed Recordings;Enlichenment;On Idyl;2;Enlichenment (Exit Chamber's Highland Dawn Remix);446;QZNXN2501002;879;2;2025-05-09T00:00:00;;https://onidyl.bandcamp.com/album/enlichenment?label=3985473299&tab=music;alternative|alternative rock|ambient|post-rock|psychedelic|shoegaze|Bellingham
passengers;Passed Recordings;with company;passengers;1;Moonrise (feat. The Moon of Manakoora);209;;2160;9;2025-05-02T00:00:00;;https://passengers-mi.bandcamp.com/album/with-company?label=3985473299&tab=music;ambient|dark ambient|drone|electronic|idm|lo fi|noise|deconstructed club|experimental electronic|Warren
passengers;Passed Recordings;with company;passengers;2;it's working (feat. imagens);298;;2160;9;2025-05-02T00:00:00;;https://passengers-mi.bandcamp.com/album/with-company?label=3985473299&tab=music;ambient|dark ambient|drone|electronic|idm|lo fi|noise|deconstructed club|experimental electronic|Warren
passengers;Passed Recordings;with company;passengers;3;Concise Methods [Convince Remix] (feat. Luminous Fridge);241;;2160;9;2025-05-02T00:00:00;;https://passengers-mi.bandcamp.com/album/with-company?label=3985473299&tab=music;ambient|dark ambient|drone|electronic|idm|lo fi|noise|deconstructed club|experimental electronic|Warren
passengers;Passed Recordings;with company;passengers;4;FUCK (feat. La Morte D'Arc);238;;2160;9;2025-05-02T00:00:00;;https://passengers-mi.bandcamp.com/album/with-company?label=3985473299&tab=music;ambient|dark ambient|drone|electronic|idm|lo fi|noise|deconstructed club|experimental electronic|Warren
passengers;Passed Recordings;with company;passengers;5;Love Song [Remix] (feat. Chris Blondeman);154;;2160;9;2025-05-02T00:00:00;;https://passengers-mi.bandcamp.com/album/with-company?label=3985473299&tab=music;ambient|dark ambient|drone|electronic|idm|lo fi|noise|deconstructed club|experimental electronic|Warren
passengers;Passed Recordings;with company;passengers;6;Now Now Now (feat. I felt it in my sleep & Boxed Dancer);116;;2160;9;2025-05-02T00:00:00;;https://passengers-mi.bandcamp.com/album/with-company?label=3985473299&tab=music;ambient|dark ambient|drone|electronic|idm|lo fi|noise|deconstructed club|experimental electronic|Warren
passengers;Passed Recordings;with company;passengers;7;soon. [Remix] (feat. I felt it in my sleep);260;;2160;9;2025-05-02T00:00:00;;https://passengers-mi.bandcamp.com/album/with-company?label=3985473299&tab=music;ambient|dark ambient|drone|electronic|idm|lo fi|noise|deconstructed club|experimental electronic|Warren
passengers;Passed Recordings;with company;passengers;8;The Same Song, Over and Over Again [Remix] (feat. Exit Chamber);222;;2160;9;2025-05-02T00:00:00;;https://passengers-mi.bandcamp.com/album/with-company?label=3985473299&tab=music;ambient|dark ambient|drone|electronic|idm|lo fi|noise|deconstructed club|experimental electronic|Warren
passengers;Passed Recordings;with company;passengers;9;Love Song;422;TCAIO2423892;2160;9;2025-05-02T00:00:00;;https://passengers-mi.bandcamp.com/album/with-company?label=3985473299&tab=music;ambient|dark ambient|drone|electronic|idm|lo fi|noise|deconstructed club|experimental electronic|Warren
Exit Chamber;Passed Recordings;The Early EPs;Exit Chamber;1;Gravity Well (2025 Remaster);289;QZK6J2506692;2396;8;2025-04-11T00:00:00;;https://exitchamber.bandcamp.com/album/the-early-eps?label=3985473299&tab=music;ambient|atmospheric|electronic|eurorack|soundscapes|synthesizer|Edinburgh
Exit Chamber;Passed Recordings;The Early EPs;Exit Chamber;2;Hohmann Transfer (2025 Remaster);275;QZK6J2506693;2396;8;2025-04-11T00:00:00;;https://exitchamber.bandcamp.com/album/the-early-eps?label=3985473299&tab=music;ambient|atmospheric|electronic|eurorack|soundscapes|synthesizer|Edinburgh
Exit Chamber;Passed Recordings;The Early EPs;Exit Chamber;3;Wake Me (At the System's Edge) (2025 Remaster);344;QZK6J2506694;2396;8;2025-04-11T00:00:00;;https://exitchamber.bandcamp.com/album/the-early-eps?label=3985473299&tab=music;ambient|atmospheric|electronic|eurorack|soundscapes|synthesizer|Edinburgh
Exit Chamber;Passed Recordings;The Early EPs;Exit Chamber;4;A Thousand New Sunrises (2025 Remaster);132;QZK6J2506695;2396;8;2025-04-11T00:00:00;;https://exitchamber.bandcamp.com/album/the-early-eps?label=3985473299&tab=music;ambient|atmospheric|electronic|eurorack|soundscapes|synthesizer|Edinburgh
Exit Chamber;Passed Recordings;The Early EPs;Exit Chamber;5;Orbiting a Dead Star (2025 Remaster);262;QZK6J2506696;2396;8;2025-04-11T00:00:00;;https://exitchamber.bandcamp.com/album/the-early-eps?label=3985473299&tab=music;ambient|atmospheric|electronic|eurorack|soundscapes|synthesizer|Edinburgh
Exit Chamber;Passed Recordings;The Early EPs;Exit Chamber;6;We Are Making a New World (2025 Remaster);406;QZK6J2506697;2396;8;2025-04-11T00:00:00;;https://exitchamber.bandcamp.com/album/the-early-eps?label=3985473299&tab=music;ambient|atmospheric|electronic|eurorack|soundscapes|synthesizer|Edinburgh
Exit Chamber;Passed Recordings;The Early EPs;Exit Chamber;7;Toroid (2025 Remaster);242;QZK6J2506698;2396;8;2025-04-11T00:00:00;;https://exitchamber.bandcamp.com/album/the-early-eps?label=3985473299&tab=music;ambient|atmospheric|electronic|eurorack|soundscapes|synthesizer|Edinburgh
Exit Chamber;Passed Recordings;The Early EPs;Exit Chamber;8;Pillars of Creation (2025 Remaster);446;QZK6J2506699;2396;8;2025-04-11T00:00:00;;https://exitchamber.bandcamp.com/album/the-early-eps?label=3985473299&tab=music;ambient|atmospheric|electronic|eurorack|soundscapes|synthesizer|Edinburgh
Ed Herbers;Passed Recordings;Confluence;Ed Herbers;1;Energy;875;QZHNA2595872;5990;10;2025-04-01T00:00:00;;https://herbers.bandcamp.com/album/confluence?label=3985473299&tab=music;ambient|ambient drone|cinematic|drone|electronic|healing|instrumental|meditation|meditation music|new age|relaxing|Cincinnati
Ed Herbers;Passed Recordings;Confluence;Ed Herbers;2;Respite;1002;QZHNA2595873;5990;10;2025-04-01T00:00:00;;https://herbers.bandcamp.com/album/confluence?label=3985473299&tab=music;ambient|ambient drone|cinematic|drone|electronic|healing|instrumental|meditation|meditation music|new age|relaxing|Cincinnati
Ed Herbers;Passed Recordings;Confluence;Ed Herbers;3;Sanctuary;807;QZHNA2595874;5990;10;2025-04-01T00:00:00;;https://herbers.bandcamp.com/album/confluence?label=3985473299&tab=music;ambient|ambient drone|cinematic|drone|electronic|healing|instrumental|meditation|meditation music|new age|relaxing|Cincinnati
Ed Herbers;Passed Recordings;Confluence;Ed Herbers;4;Serenity;1007;QZHNA2595875;5990;10;2025-04-01T00:00:00;;https://herbers.bandcamp.com/album/confluence?label=3985473299&tab=music;ambient|ambient drone|cinematic|drone|electronic|healing|instrumental|meditation|meditation music|new age|relaxing|Cincinnati
Ed Herbers;Passed Recordings;Confluence;Ed Herbers;5;Grounded;794;QZHNA2595876;5990;10;2025-04-01T00:00:00;;https://herbers.bandcamp.com/album/confluence?label=3985473299&tab=music;ambient|ambient drone|cinematic|drone|electronic|healing|instrumental|meditation|meditation music|new age|relaxing|Cincinnati
Ed Herbers;Passed Recordings;Confluence;Ed Herbers;6;Energy (Radio Edit);301;QZHNA2595877;5990;10;2025-04-01T00:00:00;;https://herbers.bandcamp.com/album/confluence?label=3985473299&tab=music;ambient|ambient drone|cinematic|drone|electronic|healing|instrumental|meditation|meditation music|new age|relaxing|Cincinnati
Ed Herbers;Passed Recordings;Confluence;Ed Herbers;7;Respite (Radio Edit);301;QZHNA2595878;5990;10;2025-04-01T00:00:00;;https://herbers.bandcamp.com/album/confluence?label=3985473299&tab=music;ambient|ambient drone|cinematic|drone|electronic|healing|instrumental|meditation|meditation music|new age|relaxing|Cincinnati
Ed Herbers;Passed Recordings;Confluence;Ed Herbers;8;Sanctuary (Radio Edit);301;QZHNA2595879;5990;10;2025-04-01T00:00:00;;https://herbers.bandcamp.com/album/confluence?label=3985473299&tab=music;ambient|ambient drone|cinematic|drone|electronic|healing|instrumental|meditation|meditation music|new age|relaxing|Cincinnati
Ed Herbers;Passed Recordings;Confluence;Ed Herbers;9;Serenity (Radio Edit);301;QZHNA2595880;5990;10;2025-04-01T00:00:00;;https://herbers.bandcamp.com/album/confluence?label=3985473299&tab=music;ambient|ambient drone|cinematic|drone|electronic|healing|instrumental|meditation|meditation music|new age|relaxing|Cincinnati
Ed Herbers;Passed Recordings;Confluence;Ed Herbers;10;Grounded (Radio Edit);301;QZHNA2595881;5990;10;2025-04-01T00:00:00;;https://herbers.bandcamp.com/album/confluence?label=3985473299&tab=music;ambient|ambient drone|cinematic|drone|electronic|healing|instrumental|meditation|meditation music|new age|relaxing|Cincinnati
Tari Vega and Oscar Navarrete;Passed Recordings;Cuadros;Tari Vega and Oscar Navarrete;1;Cuadros;316;;637;2;2025-03-14T00:00:00;;https://tarivega.bandcamp.com/album/cuadros?label=3985473299&tab=music;ambient|electronic|experimental|ambient|jazz|Santiago
Tari Vega and Oscar Navarrete;Passed Recordings;Cuadros;Tari Vega and Oscar Navarrete;2;La Caminata (Demo);321;;637;2;2025-03-14T00:00:00;;https://tarivega.bandcamp.com/album/cuadros?label=3985473299&tab=music;ambient|electronic|experimental|ambient|jazz|Santiago
Exit Chamber & Ed Herbers;Passed Recordings;SELF-;Exit Chamber & Ed Herbers;1;Destruction;363;QZES52556775;6153;8;2025-03-07T00:00:00;;https://passedrecordings.bandcamp.com/album/self;ambient|dark ambient|drone|modular|Uppsala
Exit Chamber & Ed Herbers;Passed Recordings;SELF-;Exit Chamber & Ed Herbers;2;Loathing;577;QZES52556776;6153;8;2025-03-07T00:00:00;;https://passedrecordings.bandcamp.com/album/self;ambient|dark ambient|drone|modular|Uppsala
Exit Chamber & Ed Herbers;Passed Recordings;SELF-;Exit Chamber & Ed Herbers;3;Denial;640;QZES52556777;6153;8;2025-03-07T00:00:00;;https://passedrecordings.bandcamp.com/album/self;ambient|dark ambient|drone|modular|Uppsala
Exit Chamber & Ed Herbers;Passed Recordings;SELF-;Exit Chamber & Ed Herbers;4;Examination;286;QZES52556778;6153;8;2025-03-07T00:00:00;;https://passedrecordings.bandcamp.com/album/self;ambient|dark ambient|drone|modular|Uppsala
Exit Chamber & Ed Herbers;Passed Recordings;SELF-;Exit Chamber & Ed Herbers;5;Reflection;368;QZES52556779;6153;8;2025-03-07T00:00:00;;https://passedrecordings.bandcamp.com/album/self;ambient|dark ambient|drone|modular|Uppsala
Exit Chamber & Ed Herbers;Passed Recordings;SELF-;Exit Chamber & Ed Herbers;6;Discovery;532;QZES52556780;6153;8;2025-03-07T00:00:00;;https://passedrecordings.bandcamp.com/album/self;ambient|dark ambient|drone|modular|Uppsala
Exit Chamber & Ed Herbers;Passed Recordings;SELF-;Exit Chamber & Ed Herbers;7;Expression;370;QZES52556781;6153;8;2025-03-07T00:00:00;;https://passedrecordings.bandcamp.com/album/self;ambient|dark ambient|drone|modular|Uppsala
Exit Chamber & Ed Herbers;Passed Recordings;SELF-;Exit Chamber & Ed Herbers;8;Self- (Self-Actualized Mix);3017;;6153;8;2025-03-07T00:00:00;;https://passedrecordings.bandcamp.com/album/self;ambient|dark ambient|drone|modular|Uppsala
Exit Chamber;Passed Recordings;Around One Constant, They Revolve;Exit Chamber;1;To Surrender The Self;351;QZHN72556140;3054;5;2025-02-28T00:00:00;;https://exitchamber.bandcamp.com/album/around-one-constant-they-revolve?label=3985473299&tab=music;ambient|rpm challenge|atmospheric|electronic|eurorack|soundscapes|synthesizer|Edinburgh
Exit Chamber;Passed Recordings;Around One Constant, They Revolve;Exit Chamber;2;Around One Constant, They Revolve;385;QZHN72556141;3054;5;2025-02-28T00:00:00;;https://exitchamber.bandcamp.com/album/around-one-constant-they-revolve?label=3985473299&tab=music;ambient|rpm challenge|atmospheric|electronic|eurorack|soundscapes|synthesizer|Edinburgh
Exit Chamber;Passed Recordings;Around One Constant, They Revolve;Exit Chamber;3;She Held Me Together, Now It's My Turn;505;QZHN72556142;3054;5;2025-02-28T00:00:00;;https://exitchamber.bandcamp.com/album/around-one-constant-they-revolve?label=3985473299&tab=music;ambient|rpm challenge|atmospheric|electronic|eurorack|soundscapes|synthesizer|Edinburgh
Exit Chamber;Passed Recordings;Around One Constant, They Revolve;Exit Chamber;4;Nothing Will Happen As Long As You Are With Me (And If It Does, Well We Only Die Once);324;QZHN72556143;3054;5;2025-02-28T00:00:00;;https://exitchamber.bandcamp.com/album/around-one-constant-they-revolve?label=3985473299&tab=music;ambient|rpm challenge|atmospheric|electronic|eurorack|soundscapes|synthesizer|Edinburgh
Exit Chamber;Passed Recordings;Around One Constant, They Revolve;Around One Constant, They Revolve;5;Full Mix;1489;;3054;5;2025-02-28T00:00:00;;https://exitchamber.bandcamp.com/album/around-one-constant-they-revolve?label=3985473299&tab=music;ambient|rpm challenge|atmospheric|electronic|eurorack|soundscapes|synthesizer|Edinburgh
Passed Recordings;Passed Recordings;Passed Winter;G!GA LURGH;1;Crystalline Entity;235;;13719;37;2025-01-31T00:00:00;;https://passedrecordings.bandcamp.com/album/passed-winter;experimental|ambient|drone|noise|winter|Uppsala
Passed Recordings;Passed Recordings;Passed Winter;I felt it in my sleep;2;Boreal;304;;13719;37;2025-01-31T00:00:00;;https://passedrecordings.bandcamp.com/album/passed-winter;experimental|ambient|drone|noise|winter|Uppsala
Passed Recordings;Passed Recordings;Passed Winter;Leafblighter;3;Frigid;425;;13719;37;2025-01-31T00:00:00;;https://passedrecordings.bandcamp.com/album/passed-winter;experimental|ambient|drone|noise|winter|Uppsala
Passed Recordings;Passed Recordings;Passed Winter;Exit Chamber;4;Unbrak (The Thaw);434;;13719;37;2025-01-31T00:00:00;;https://passedrecordings.bandcamp.com/album/passed-winter;experimental|ambient|drone|noise|winter|Uppsala
Passed Recordings;Passed Recordings;Passed Winter;Logickal;5;Lattice;507;;13719;37;2025-01-31T00:00:00;;https://passedrecordings.bandcamp.com/album/passed-winter;experimental|ambient|drone|noise|winter|Uppsala
Passed Recordings;Passed Recordings;Passed Winter;oeltahn bahn;6;The Guiding Nunatak;699;;13719;37;2025-01-31T00:00:00;;https://passedrecordings.bandcamp.com/album/passed-winter;experimental|ambient|drone|noise|winter|Uppsala
Passed Recordings;Passed Recordings;Passed Winter;Oblivion8;7;Expansive White Fallen;364;;13719;37;2025-01-31T00:00:00;;https://passedrecordings.bandcamp.com/album/passed-winter;experimental|ambient|drone|noise|winter|Uppsala
Passed Recordings;Passed Recordings;Passed Winter;Lukas Logan;8;Deep Breath;350;QZFYX2544187;13719;37;2025-01-31T00:00:00;;https://passedrecordings.bandcamp.com/album/passed-winter;experimental|ambient|drone|noise|winter|Uppsala
Passed Recordings;Passed Recordings;Passed Winter;xKEEP TRYINGx;9;transparent blue lights;406;;13719;37;2025-01-31T00:00:00;;https://passedrecordings.bandcamp.com/album/passed-winter;experimental|ambient|drone|noise|winter|Uppsala
Passed Recordings;Passed Recordings;Passed Winter;Aaron J. Noth;10;Everlasting Nights;437;;13719;37;2025-01-31T00:00:00;;https://passedrecordings.bandcamp.com/album/passed-winter;experimental|ambient|drone|noise|winter|Uppsala
Passed Recordings;Passed Recordings;Passed Winter;Ed Herbers;11;Full Moon's Light on Fallen Snow;308;;13719;37;2025-01-31T00:00:00;;https://passedrecordings.bandcamp.com/album/passed-winter;experimental|ambient|drone|noise|winter|Uppsala
Passed Recordings;Passed Recordings;Passed Winter;Eigenwelt;12;Midwinter Mirages;409;;13719;37;2025-01-31T00:00:00;;https://passedrecordings.bandcamp.com/album/passed-winter;experimental|ambient|drone|noise|winter|Uppsala
Passed Recordings;Passed Recordings;Passed Winter;Sky Lore;13;Frozen Tundra;329;;13719;37;2025-01-31T00:00:00;;https://passedrecordings.bandcamp.com/album/passed-winter;experimental|ambient|drone|noise|winter|Uppsala
Passed Recordings;Passed Recordings;Passed Winter;Asha Patera;14;The Winter Circle;426;;13719;37;2025-01-31T00:00:00;;https://passedrecordings.bandcamp.com/album/passed-winter;experimental|ambient|drone|noise|winter|Uppsala
Passed Recordings;Passed Recordings;Passed Winter;Jenn Jacobsen;15;The Silence of Frost;216;;13719;37;2025-01-31T00:00:00;;https://passedrecordings.bandcamp.com/album/passed-winter;experimental|ambient|drone|noise|winter|Uppsala
Passed Recordings;Passed Recordings;Passed Winter;On Idyl;16;Hoarfrost;230;;13719;37;2025-01-31T00:00:00;;https://passedrecordings.bandcamp.com/album/passed-winter;experimental|ambient|drone|noise|winter|Uppsala
Passed Recordings;Passed Recordings;Passed Winter;Poloma;17;Matches;235;;13719;37;2025-01-31T00:00:00;;https://passedrecordings.bandcamp.com/album/passed-winter;experimental|ambient|drone|noise|winter|Uppsala
Passed Recordings;Passed Recordings;Passed Winter;Specific Impulse;18;Solstice;243;;13719;37;2025-01-31T00:00:00;;https://passedrecordings.bandcamp.com/album/passed-winter;experimental|ambient|drone|noise|winter|Uppsala
Passed Recordings;Passed Recordings;Passed Winter;mobdividual;19;frozen warmth;403;;13719;37;2025-01-31T00:00:00;;https://passedrecordings.bandcamp.com/album/passed-winter;experimental|ambient|drone|noise|winter|Uppsala
Passed Recordings;Passed Recordings;Passed Winter;Mathew Gracie;20;As Winter Passes;577;;13719;37;2025-01-31T00:00:00;;https://passedrecordings.bandcamp.com/album/passed-winter;experimental|ambient|drone|noise|winter|Uppsala
Passed Recordings;Passed Recordings;Passed Winter;Laura Burton;21;Cold Moon;279;;13719;37;2025-01-31T00:00:00;;https://passedrecordings.bandcamp.com/album/passed-winter;experimental|ambient|drone|noise|winter|Uppsala
Passed Recordings;Passed Recordings;Passed Winter;Authentek;22;The Silo Of Silence;420;;13719;37;2025-01-31T00:00:00;;https://passedrecordings.bandcamp.com/album/passed-winter;experimental|ambient|drone|noise|winter|Uppsala
Passed Recordings;Passed Recordings;Passed Winter;Jollroy;23;Winter is timeless;314;QZES62547520;13719;37;2025-01-31T00:00:00;;https://passedrecordings.bandcamp.com/album/passed-winter;experimental|ambient|drone|noise|winter|Uppsala
Passed Recordings;Passed Recordings;Passed Winter;Tazer McFictionzap;24;The Big Freeze;553;;13719;37;2025-01-31T00:00:00;;https://passedrecordings.bandcamp.com/album/passed-winter;experimental|ambient|drone|noise|winter|Uppsala
Passed Recordings;Passed Recordings;Passed Winter;Chris Hobbs;25;Melt;460;;13719;37;2025-01-31T00:00:00;;https://passedrecordings.bandcamp.com/album/passed-winter;experimental|ambient|drone|noise|winter|Uppsala
Passed Recordings;Passed Recordings;Passed Winter;passengers;26;it never ends;235;;13719;37;2025-01-31T00:00:00;;https://passedrecordings.bandcamp.com/album/passed-winter;experimental|ambient|drone|noise|winter|Uppsala
Passed Recordings;Passed Recordings;Passed Winter;Housefire;27;Black Ice;358;;13719;37;2025-01-31T00:00:00;;https://passedrecordings.bandcamp.com/album/passed-winter;experimental|ambient|drone|noise|winter|Uppsala
Passed Recordings;Passed Recordings;Passed Winter;Legacy Systems;28;Antarctic Research Station Blues;388;;13719;37;2025-01-31T00:00:00;;https://passedrecordings.bandcamp.com/album/passed-winter;experimental|ambient|drone|noise|winter|Uppsala
Passed Recordings;Passed Recordings;Passed Winter;Pollyanna;29;the hall of Hel (Eljudnir);566;;13719;37;2025-01-31T00:00:00;;https://passedrecordings.bandcamp.com/album/passed-winter;experimental|ambient|drone|noise|winter|Uppsala
Passed Recordings;Passed Recordings;Passed Winter;Forþrysmian;30;Dying In The Hyperborean;561;;13719;37;2025-01-31T00:00:00;;https://passedrecordings.bandcamp.com/album/passed-winter;experimental|ambient|drone|noise|winter|Uppsala
Passed Recordings;Passed Recordings;Passed Winter;SUICIDE VODKA;31;Frostbite;326;;13719;37;2025-01-31T00:00:00;;https://passedrecordings.bandcamp.com/album/passed-winter;experimental|ambient|drone|noise|winter|Uppsala
Passed Recordings;Passed Recordings;Passed Winter;purity olympics;32;please don't record;347;;13719;37;2025-01-31T00:00:00;;https://passedrecordings.bandcamp.com/album/passed-winter;experimental|ambient|drone|noise|winter|Uppsala
Passed Recordings;Passed Recordings;Passed Winter;Solar Idolater;33;Reflections of twinkling stars on a frozen landscape;207;;13719;37;2025-01-31T00:00:00;;https://passedrecordings.bandcamp.com/album/passed-winter;experimental|ambient|drone|noise|winter|Uppsala
Passed Recordings;Passed Recordings;Passed Winter;dogg jaw;34;SW Sunset Tunnel;344;;13719;37;2025-01-31T00:00:00;;https://passedrecordings.bandcamp.com/album/passed-winter;experimental|ambient|drone|noise|winter|Uppsala
Passed Recordings;Passed Recordings;Passed Winter;Atomic Unit;35;Into The Dark;150;;13719;37;2025-01-31T00:00:00;;https://passedrecordings.bandcamp.com/album/passed-winter;experimental|ambient|drone|noise|winter|Uppsala
Passed Recordings;Passed Recordings;Passed Winter;Bone Pond;36;The Grey;293;;13719;37;2025-01-31T00:00:00;;https://passedrecordings.bandcamp.com/album/passed-winter;experimental|ambient|drone|noise|winter|Uppsala
Passed Recordings;Passed Recordings;Passed Winter;imagens;37;tropical winter samba;381;;13719;37;2025-01-31T00:00:00;;https://passedrecordings.bandcamp.com/album/passed-winter;experimental|ambient|drone|noise|winter|Uppsala
Passed Recordings;Passed Recordings;The Passed Year - 2024;Unruly Disturbance;1;December Fog (Previously Unreleased);466;;4163;14;2025-01-01T00:00:00;;https://passedrecordings.bandcamp.com/album/the-passed-year-2024;ambient|atmospheric|drone|experimental|Uppsala
Passed Recordings;Passed Recordings;The Passed Year - 2024;Christian Schwöbel;2;Love is Awesome (from Passed Love);250;;4163;14;2025-01-01T00:00:00;;https://passedrecordings.bandcamp.com/album/the-passed-year-2024;ambient|atmospheric|drone|experimental|Uppsala
Passed Recordings;Passed Recordings;The Passed Year - 2024;Fervorvore;3;Stuck in the Blue (from Passed Love);477;;4163;14;2025-01-01T00:00:00;;https://passedrecordings.bandcamp.com/album/the-passed-year-2024;ambient|atmospheric|drone|experimental|Uppsala
Passed Recordings;Passed Recordings;The Passed Year - 2024;passengers;4;Run (ft. Tari Vega) (from A world in which I have no part);496;;4163;14;2025-01-01T00:00:00;;https://passedrecordings.bandcamp.com/album/the-passed-year-2024;ambient|atmospheric|drone|experimental|Uppsala
Passed Recordings;Passed Recordings;The Passed Year - 2024;Ed Herbers;5;Something is Out There (from Upper Atmosphere);329;;4163;14;2025-01-01T00:00:00;;https://passedrecordings.bandcamp.com/album/the-passed-year-2024;ambient|atmospheric|drone|experimental|Uppsala
Passed Recordings;Passed Recordings;The Passed Year - 2024;On Idyl;6;Nemophilist (Excerpt) (Previously Unreleased);363;;4163;14;2025-01-01T00:00:00;;https://passedrecordings.bandcamp.com/album/the-passed-year-2024;ambient|atmospheric|drone|experimental|Uppsala
Passed Recordings;Passed Recordings;The Passed Year - 2024;Take Me There;7;Gråberget (from Passed Summer);235;;4163;14;2025-01-01T00:00:00;;https://passedrecordings.bandcamp.com/album/the-passed-year-2024;ambient|atmospheric|drone|experimental|Uppsala
Passed Recordings;Passed Recordings;The Passed Year - 2024;G!GA LURGH;8;Herakleion (from Kyanite Drift);468;;4163;14;2025-01-01T00:00:00;;https://passedrecordings.bandcamp.com/album/the-passed-year-2024;ambient|atmospheric|drone|experimental|Uppsala
Passed Recordings;Passed Recordings;The Passed Year - 2024;Chris Hobbs|Nosferatu Part 1 (from Vampyres;9;A Nosferatu Rescore);153;;4163;14;2025-01-01T00:00:00;;https://passedrecordings.bandcamp.com/album/the-passed-year-2024;ambient|atmospheric|drone|experimental|Uppsala
Passed Recordings;Passed Recordings;The Passed Year - 2024;I felt it in my sleep;10;Calx of the Demiurge (from Birthing Machines and the Devices of the Mind Vol. 3);209;;4163;14;2025-01-01T00:00:00;;https://passedrecordings.bandcamp.com/album/the-passed-year-2024;ambient|atmospheric|drone|experimental|Uppsala
Passed Recordings;Passed Recordings;The Passed Year - 2024;Afrid;11;- (from Afrid);165;DGA062241554;4163;14;2025-01-01T00:00:00;;https://passedrecordings.bandcamp.com/album/the-passed-year-2024;ambient|atmospheric|drone|experimental|Uppsala
Passed Recordings;Passed Recordings;The Passed Year - 2024;Exit Chamber;12;In the Darkness, Hope (from Faith in a Beautiful Future);223;;4163;14;2025-01-01T00:00:00;;https://passedrecordings.bandcamp.com/album/the-passed-year-2024;ambient|atmospheric|drone|experimental|Uppsala
Passed Recordings;Passed Recordings;The Passed Year - 2024;Tari Vega;13;tránsito II (from tr​á​nsito);166;;4163;14;2025-01-01T00:00:00;;https://passedrecordings.bandcamp.com/album/the-passed-year-2024;ambient|atmospheric|drone|experimental|Uppsala
Passed Recordings;Passed Recordings;The Passed Year - 2024;Cavern Cult;14;Linger (From the Forthcoming Album, Approach);163;;4163;14;2025-01-01T00:00:00;;https://passedrecordings.bandcamp.com/album/the-passed-year-2024;ambient|atmospheric|drone|experimental|Uppsala
Asha Patera;Passed Recordings;Mana;Asha Patera;1;Kiondroghad;410;QT3F42432530;1988;5;2024-12-31T00:00:00;;https://ashapatera.bandcamp.com/album/mana?label=3985473299&tab=music;ambient|ambient|ambient electronic|ambient music|downtempo|drone|drone ambient|electronica|field recordings|glitch|glitch-ambient|noise|noise ambient|post-rock|United Kingdom
Asha Patera;Passed Recordings;Mana;Asha Patera;2;Blue Point;262;QT3F42432531;1988;5;2024-12-31T00:00:00;;https://ashapatera.bandcamp.com/album/mana?label=3985473299&tab=music;ambient|ambient|ambient electronic|ambient music|downtempo|drone|drone ambient|electronica|field recordings|glitch|glitch-ambient|noise|noise ambient|post-rock|United Kingdom
Asha Patera;Passed Recordings;Mana;Asha Patera;3;Kella;482;QT3F42432532;1988;5;2024-12-31T00:00:00;;https://ashapatera.bandcamp.com/album/mana?label=3985473299&tab=music;ambient|ambient|ambient electronic|ambient music|downtempo|drone|drone ambient|electronica|field recordings|glitch|glitch-ambient|noise|noise ambient|post-rock|United Kingdom
Asha Patera;Passed Recordings;Mana;Asha Patera;4;Sunset City;306;QT3F42432533;1988;5;2024-12-31T00:00:00;;https://ashapatera.bandcamp.com/album/mana?label=3985473299&tab=music;ambient|ambient|ambient electronic|ambient music|downtempo|drone|drone ambient|electronica|field recordings|glitch|glitch-ambient|noise|noise ambient|post-rock|United Kingdom
Asha Patera;Passed Recordings;Mana;Asha Patera;5;Last Day Of The Cevic;528;QT3F42432534;1988;5;2024-12-31T00:00:00;;https://ashapatera.bandcamp.com/album/mana?label=3985473299&tab=music;ambient|ambient|ambient electronic|ambient music|downtempo|drone|drone ambient|electronica|field recordings|glitch|glitch-ambient|noise|noise ambient|post-rock|United Kingdom
Take Me There;Passed Recordings;Odds and Ends, Vol. 1 (Compilation);Take Me There;1;Deathship;235;QT3EY2402280;3352;14;2024-12-27T00:00:00;;https://takemethere.bandcamp.com/album/odds-and-ends-vol-1-compilation?label=3985473299&tab=music;ambient|ambient|dreamy|drone|noise|post-rock|shoegaze|Sweden
Take Me There;Passed Recordings;Odds and Ends, Vol. 1 (Compilation);Take Me There;2;Gråberget;235;QT3EY2402281;3352;14;2024-12-27T00:00:00;;https://takemethere.bandcamp.com/album/odds-and-ends-vol-1-compilation?label=3985473299&tab=music;ambient|ambient|dreamy|drone|noise|post-rock|shoegaze|Sweden
Take Me There;Passed Recordings;Odds and Ends, Vol. 1 (Compilation);Take Me There;3;What happens when people open their hearts?;244;QT3EY2402282;3352;14;2024-12-27T00:00:00;;https://takemethere.bandcamp.com/album/odds-and-ends-vol-1-compilation?label=3985473299&tab=music;ambient|ambient|dreamy|drone|noise|post-rock|shoegaze|Sweden
Take Me There;Passed Recordings;Odds and Ends, Vol. 1 (Compilation);Take Me There;4;Let Me In...;292;QT3EY2402283;3352;14;2024-12-27T00:00:00;;https://takemethere.bandcamp.com/album/odds-and-ends-vol-1-compilation?label=3985473299&tab=music;ambient|ambient|dreamy|drone|noise|post-rock|shoegaze|Sweden
Take Me There;Passed Recordings;Odds and Ends, Vol. 1 (Compilation);Take Me There;5;The Ghost Of Santa;258;QT3EY2402284;3352;14;2024-12-27T00:00:00;;https://takemethere.bandcamp.com/album/odds-and-ends-vol-1-compilation?label=3985473299&tab=music;ambient|ambient|dreamy|drone|noise|post-rock|shoegaze|Sweden
Take Me There;Passed Recordings;Odds and Ends, Vol. 1 (Compilation);All that was lost;6;I felt it in my sleep remix;232;;3352;14;2024-12-27T00:00:00;;https://takemethere.bandcamp.com/album/odds-and-ends-vol-1-compilation?label=3985473299&tab=music;ambient|ambient|dreamy|drone|noise|post-rock|shoegaze|Sweden
Take Me There;Passed Recordings;Odds and Ends, Vol. 1 (Compilation);The arms that once opened for you;7;Ed Herbers Remix;217;QT3EY2402286;3352;14;2024-12-27T00:00:00;;https://takemethere.bandcamp.com/album/odds-and-ends-vol-1-compilation?label=3985473299&tab=music;ambient|ambient|dreamy|drone|noise|post-rock|shoegaze|Sweden
Take Me There;Passed Recordings;Odds and Ends, Vol. 1 (Compilation);All you will ever wish for is to get back there;8;Exit Chambers Further Away Than Ever Remix;312;;3352;14;2024-12-27T00:00:00;;https://takemethere.bandcamp.com/album/odds-and-ends-vol-1-compilation?label=3985473299&tab=music;ambient|ambient|dreamy|drone|noise|post-rock|shoegaze|Sweden
Take Me There;Passed Recordings;Odds and Ends, Vol. 1 (Compilation);The forest will open up for you;9;Acoustic Version by Chris Hobbs;256;;3352;14;2024-12-27T00:00:00;;https://takemethere.bandcamp.com/album/odds-and-ends-vol-1-compilation?label=3985473299&tab=music;ambient|ambient|dreamy|drone|noise|post-rock|shoegaze|Sweden
Take Me There;Passed Recordings;Odds and Ends, Vol. 1 (Compilation);If I Feel Something...;10;Its Only Pain Remix;205;;3352;14;2024-12-27T00:00:00;;https://takemethere.bandcamp.com/album/odds-and-ends-vol-1-compilation?label=3985473299&tab=music;ambient|ambient|dreamy|drone|noise|post-rock|shoegaze|Sweden
Take Me There;Passed Recordings;Odds and Ends, Vol. 1 (Compilation);Take Me There;11;Untitled #1 (Demo);198;QT3EY2402290;3352;14;2024-12-27T00:00:00;;https://takemethere.bandcamp.com/album/odds-and-ends-vol-1-compilation?label=3985473299&tab=music;ambient|ambient|dreamy|drone|noise|post-rock|shoegaze|Sweden
Take Me There;Passed Recordings;Odds and Ends, Vol. 1 (Compilation);Take Me There;12;If you leave (Demo version);216;QT3EY2402291;3352;14;2024-12-27T00:00:00;;https://takemethere.bandcamp.com/album/odds-and-ends-vol-1-compilation?label=3985473299&tab=music;ambient|ambient|dreamy|drone|noise|post-rock|shoegaze|Sweden
Take Me There;Passed Recordings;Odds and Ends, Vol. 1 (Compilation);Take Me There;13;Untitled #2 (Demo);188;QT3EY2402292;3352;14;2024-12-27T00:00:00;;https://takemethere.bandcamp.com/album/odds-and-ends-vol-1-compilation?label=3985473299&tab=music;ambient|ambient|dreamy|drone|noise|post-rock|shoegaze|Sweden
Take Me There;Passed Recordings;Odds and Ends, Vol. 1 (Compilation);Take Me There;14;Gråberget (Demo Version);264;QT3EY2402293;3352;14;2024-12-27T00:00:00;;https://takemethere.bandcamp.com/album/odds-and-ends-vol-1-compilation?label=3985473299&tab=music;ambient|ambient|dreamy|drone|noise|post-rock|shoegaze|Sweden
Tari Vega;Passed Recordings;tránsito;Tari Vega;1;Sumar Sumar;177;QZZ7U2465510;2318;12;2024-12-20T00:00:00;;https://tarivega.bandcamp.com/album/tr-nsito?label=3985473299&tab=music;ambient|electronic|experimental|ambient|Santiago
Tari Vega;Passed Recordings;tránsito;Tari Vega;2;Idioma;159;QZZ7U2465511;2318;12;2024-12-20T00:00:00;;https://tarivega.bandcamp.com/album/tr-nsito?label=3985473299&tab=music;ambient|electronic|experimental|ambient|Santiago
Tari Vega;Passed Recordings;tránsito;Tari Vega;3;Merodeas;210;QZZ7U2465512;2318;12;2024-12-20T00:00:00;;https://tarivega.bandcamp.com/album/tr-nsito?label=3985473299&tab=music;ambient|electronic|experimental|ambient|Santiago
Tari Vega;Passed Recordings;tránsito;Tari Vega;4;Tú Estructura;253;QZTBA2418372;2318;12;2024-12-20T00:00:00;;https://tarivega.bandcamp.com/album/tr-nsito?label=3985473299&tab=music;ambient|electronic|experimental|ambient|Santiago
Tari Vega;Passed Recordings;tránsito;Tari Vega;5;tránsito I;86;QZZ7U2465514;2318;12;2024-12-20T00:00:00;;https://tarivega.bandcamp.com/album/tr-nsito?label=3985473299&tab=music;ambient|electronic|experimental|ambient|Santiago
Tari Vega;Passed Recordings;tránsito;Tari Vega;6;tránsito II;166;QZZ7U2465514;2318;12;2024-12-20T00:00:00;;https://tarivega.bandcamp.com/album/tr-nsito?label=3985473299&tab=music;ambient|electronic|experimental|ambient|Santiago
Tari Vega;Passed Recordings;tránsito;Tari Vega;7;Repite Más;211;QZZ7U2465515;2318;12;2024-12-20T00:00:00;;https://tarivega.bandcamp.com/album/tr-nsito?label=3985473299&tab=music;ambient|electronic|experimental|ambient|Santiago
Tari Vega;Passed Recordings;tránsito;Tari Vega;8;Casa Viva I;172;QZZ7U2465516;2318;12;2024-12-20T00:00:00;;https://tarivega.bandcamp.com/album/tr-nsito?label=3985473299&tab=music;ambient|electronic|experimental|ambient|Santiago
Tari Vega;Passed Recordings;tránsito;Tari Vega;9;Casa Viva II;157;QZZ7U2465517;2318;12;2024-12-20T00:00:00;;https://tarivega.bandcamp.com/album/tr-nsito?label=3985473299&tab=music;ambient|electronic|experimental|ambient|Santiago
Tari Vega;Passed Recordings;tránsito;Tari Vega;10;Para Ustedes;430;QZZ7U2465518;2318;12;2024-12-20T00:00:00;;https://tarivega.bandcamp.com/album/tr-nsito?label=3985473299&tab=music;ambient|electronic|experimental|ambient|Santiago
Tari Vega;Passed Recordings;tránsito;Tari Vega;11;Otro Pueblo;157;QZTBA2418373;2318;12;2024-12-20T00:00:00;;https://tarivega.bandcamp.com/album/tr-nsito?label=3985473299&tab=music;ambient|electronic|experimental|ambient|Santiago
Tari Vega;Passed Recordings;tránsito;Tari Vega;12;Mes De Mes;140;QZZ7U2465519;2318;12;2024-12-20T00:00:00;;https://tarivega.bandcamp.com/album/tr-nsito?label=3985473299&tab=music;ambient|electronic|experimental|ambient|Santiago
Afrid;Passed Recordings;Afrid;Afrid;1;Shivering;1047;;2192;3;2024-12-06T00:00:00;;https://cornusaudiovisual.bandcamp.com/album/afrid?label=3985473299&tab=music;alternative|electronic|experimental|ambient|blackmetal|doom metal|drone|improv|metal|noise|Raleigh
Afrid;Passed Recordings;Afrid;Afrid;2;-;165;GBEBR1100151;2192;3;2024-12-06T00:00:00;;https://cornusaudiovisual.bandcamp.com/album/afrid?label=3985473299&tab=music;alternative|electronic|experimental|ambient|blackmetal|doom metal|drone|improv|metal|noise|Raleigh
Afrid;Passed Recordings;Afrid;Afrid;3;Starving;980;;2192;3;2024-12-06T00:00:00;;https://cornusaudiovisual.bandcamp.com/album/afrid?label=3985473299&tab=music;alternative|electronic|experimental|ambient|blackmetal|doom metal|drone|improv|metal|noise|Raleigh
Exit Chamber;Passed Recordings;Faith in a Beautiful Future;Exit Chamber;1;Faith In a Beautiful Future;304;QT3EY2434155;1476;4;2024-12-06T00:00:00;;https://exitchamber.bandcamp.com/album/faith-in-a-beautiful-future?label=3985473299&tab=music;ambient|atmospheric|electronic|eurorack|minimal|soundscapes|synthesizer|Edinburgh
Exit Chamber;Passed Recordings;Faith in a Beautiful Future;Exit Chamber;2;In the Darkness, Hope;223;QT3EY2434156;1476;4;2024-12-06T00:00:00;;https://exitchamber.bandcamp.com/album/faith-in-a-beautiful-future?label=3985473299&tab=music;ambient|atmospheric|electronic|eurorack|minimal|soundscapes|synthesizer|Edinburgh
Exit Chamber;Passed Recordings;Faith in a Beautiful Future;Exit Chamber;3;The Things We Had To Leave Behind;529;QT3EY2434157;1476;4;2024-12-06T00:00:00;;https://exitchamber.bandcamp.com/album/faith-in-a-beautiful-future?label=3985473299&tab=music;ambient|atmospheric|electronic|eurorack|minimal|soundscapes|synthesizer|Edinburgh
Exit Chamber;Passed Recordings;Faith in a Beautiful Future;Exit Chamber;4;Through a Slumbering Infinity;420;QT3EY2434158;1476;4;2024-12-06T00:00:00;;https://exitchamber.bandcamp.com/album/faith-in-a-beautiful-future?label=3985473299&tab=music;ambient|atmospheric|electronic|eurorack|minimal|soundscapes|synthesizer|Edinburgh
Passed Recordings;Passed Recordings;Deathship - A Nosferatu Rescore;Virdigri;1;Nightstalkers Prelude;155;QZZ7X2411535;5579;25;2024-10-27T00:00:00;;https://passedrecordings.bandcamp.com/album/deathship-a-nosferatu-rescore;ambient|dark ambient|electroacoustic|electronic|experimental|film music|industrial|ost|soundtrack|synth|Uppsala
Passed Recordings;Passed Recordings;Deathship - A Nosferatu Rescore;Jenn Jacobsen;2;Beautiful Flowers;141;QZZ7X2411536;5579;25;2024-10-27T00:00:00;;https://passedrecordings.bandcamp.com/album/deathship-a-nosferatu-rescore;ambient|dark ambient|electroacoustic|electronic|experimental|film music|industrial|ost|soundtrack|synth|Uppsala
Passed Recordings;Passed Recordings;Deathship - A Nosferatu Rescore;Poloma;3;Knock;196;QZZ7X2411537;5579;25;2024-10-27T00:00:00;;https://passedrecordings.bandcamp.com/album/deathship-a-nosferatu-rescore;ambient|dark ambient|electroacoustic|electronic|experimental|film music|industrial|ost|soundtrack|synth|Uppsala
Passed Recordings;Passed Recordings;Deathship - A Nosferatu Rescore;Argon Antlers;4;Carpathians;235;QZZ7X2411538;5579;25;2024-10-27T00:00:00;;https://passedrecordings.bandcamp.com/album/deathship-a-nosferatu-rescore;ambient|dark ambient|electroacoustic|electronic|experimental|film music|industrial|ost|soundtrack|synth|Uppsala
Passed Recordings;Passed Recordings;Deathship - A Nosferatu Rescore;Sky Lore;5;Of Vampyres;258;QZZ7X2411539;5579;25;2024-10-27T00:00:00;;https://passedrecordings.bandcamp.com/album/deathship-a-nosferatu-rescore;ambient|dark ambient|electroacoustic|electronic|experimental|film music|industrial|ost|soundtrack|synth|Uppsala
Passed Recordings;Passed Recordings;Deathship - A Nosferatu Rescore;Parasyn;6;It's Getting Dark;236;QZZ7X2411540;5579;25;2024-10-27T00:00:00;;https://passedrecordings.bandcamp.com/album/deathship-a-nosferatu-rescore;ambient|dark ambient|electroacoustic|electronic|experimental|film music|industrial|ost|soundtrack|synth|Uppsala
Passed Recordings;Passed Recordings;Deathship - A Nosferatu Rescore;Luminous Fridge;7;Eerie Visions;226;QZZ7X2411541;5579;25;2024-10-27T00:00:00;;https://passedrecordings.bandcamp.com/album/deathship-a-nosferatu-rescore;ambient|dark ambient|electroacoustic|electronic|experimental|film music|industrial|ost|soundtrack|synth|Uppsala
Passed Recordings;Passed Recordings;Deathship - A Nosferatu Rescore;Cenotaff;8;Dead To The World;241;QZZ7X2411542;5579;25;2024-10-27T00:00:00;;https://passedrecordings.bandcamp.com/album/deathship-a-nosferatu-rescore;ambient|dark ambient|electroacoustic|electronic|experimental|film music|industrial|ost|soundtrack|synth|Uppsala
Passed Recordings;Passed Recordings;Deathship - A Nosferatu Rescore;Atomic Unit;9;My Darling Dearest;228;QZZ7X2411543;5579;25;2024-10-27T00:00:00;;https://passedrecordings.bandcamp.com/album/deathship-a-nosferatu-rescore;ambient|dark ambient|electroacoustic|electronic|experimental|film music|industrial|ost|soundtrack|synth|Uppsala
Passed Recordings;Passed Recordings;Deathship - A Nosferatu Rescore;La Morte D'arc;10;Hellish Elixir;292;QZZ7X2411544;5579;25;2024-10-27T00:00:00;;https://passedrecordings.bandcamp.com/album/deathship-a-nosferatu-rescore;ambient|dark ambient|electroacoustic|electronic|experimental|film music|industrial|ost|soundtrack|synth|Uppsala
Passed Recordings;Passed Recordings;Deathship - A Nosferatu Rescore;Pollyanna;11;Call of the Deathbird;266;QZZ7X2411545;5579;25;2024-10-27T00:00:00;;https://passedrecordings.bandcamp.com/album/deathship-a-nosferatu-rescore;ambient|dark ambient|electroacoustic|electronic|experimental|film music|industrial|ost|soundtrack|synth|Uppsala
Passed Recordings;Passed Recordings;Deathship - A Nosferatu Rescore;Will Dee;12;Empusa;215;QZZ7X2411546;5579;25;2024-10-27T00:00:00;;https://passedrecordings.bandcamp.com/album/deathship-a-nosferatu-rescore;ambient|dark ambient|electroacoustic|electronic|experimental|film music|industrial|ost|soundtrack|synth|Uppsala
Passed Recordings;Passed Recordings;Deathship - A Nosferatu Rescore;Manifold Curiosity;13;Little More Than a Phantom;228;QZZ7X2411547;5579;25;2024-10-27T00:00:00;;https://passedrecordings.bandcamp.com/album/deathship-a-nosferatu-rescore;ambient|dark ambient|electroacoustic|electronic|experimental|film music|industrial|ost|soundtrack|synth|Uppsala
Passed Recordings;Passed Recordings;Deathship - A Nosferatu Rescore;Anor Londo;14;Solitude of the Dunes;171;QZZ7X2411548;5579;25;2024-10-27T00:00:00;;https://passedrecordings.bandcamp.com/album/deathship-a-nosferatu-rescore;ambient|dark ambient|electroacoustic|electronic|experimental|film music|industrial|ost|soundtrack|synth|Uppsala
Passed Recordings;Passed Recordings;Deathship - A Nosferatu Rescore;Systems.;15;Plague;297;QZZ7X2411549;5579;25;2024-10-27T00:00:00;;https://passedrecordings.bandcamp.com/album/deathship-a-nosferatu-rescore;ambient|dark ambient|electroacoustic|electronic|experimental|film music|industrial|ost|soundtrack|synth|Uppsala
Passed Recordings;Passed Recordings;Deathship - A Nosferatu Rescore;FFRWD;16;Deathship;240;QZZ7X2411550;5579;25;2024-10-27T00:00:00;;https://passedrecordings.bandcamp.com/album/deathship-a-nosferatu-rescore;ambient|dark ambient|electroacoustic|electronic|experimental|film music|industrial|ost|soundtrack|synth|Uppsala
Passed Recordings;Passed Recordings;Deathship - A Nosferatu Rescore;On Idyl & Christian Schwoebel;17;He's Coming;177;;5579;25;2024-10-27T00:00:00;;https://passedrecordings.bandcamp.com/album/deathship-a-nosferatu-rescore;ambient|dark ambient|electroacoustic|electronic|experimental|film music|industrial|ost|soundtrack|synth|Uppsala
Passed Recordings;Passed Recordings;Deathship - A Nosferatu Rescore;Underneath Oceans;18;Everything Will Be Fine;341;QZZ7X2411552;5579;25;2024-10-27T00:00:00;;https://passedrecordings.bandcamp.com/album/deathship-a-nosferatu-rescore;ambient|dark ambient|electroacoustic|electronic|experimental|film music|industrial|ost|soundtrack|synth|Uppsala
Passed Recordings;Passed Recordings;Deathship - A Nosferatu Rescore;Marc Heatley;19;Not A Living Soul;274;;5579;25;2024-10-27T00:00:00;;https://passedrecordings.bandcamp.com/album/deathship-a-nosferatu-rescore;ambient|dark ambient|electroacoustic|electronic|experimental|film music|industrial|ost|soundtrack|synth|Uppsala
Passed Recordings;Passed Recordings;Deathship - A Nosferatu Rescore;Polarforsker;20;Proclamation;148;QZZ7X2411554;5579;25;2024-10-27T00:00:00;;https://passedrecordings.bandcamp.com/album/deathship-a-nosferatu-rescore;ambient|dark ambient|electroacoustic|electronic|experimental|film music|industrial|ost|soundtrack|synth|Uppsala
Passed Recordings;Passed Recordings;Deathship - A Nosferatu Rescore;i felt it in my sleep;21;Her Own Bloode;336;QZZ7X2411555;5579;25;2024-10-27T00:00:00;;https://passedrecordings.bandcamp.com/album/deathship-a-nosferatu-rescore;ambient|dark ambient|electroacoustic|electronic|experimental|film music|industrial|ost|soundtrack|synth|Uppsala
Passed Recordings;Passed Recordings;Deathship - A Nosferatu Rescore;Kruunu;22;Ich Liebe Dich;190;;5579;25;2024-10-27T00:00:00;;https://passedrecordings.bandcamp.com/album/deathship-a-nosferatu-rescore;ambient|dark ambient|electroacoustic|electronic|experimental|film music|industrial|ost|soundtrack|synth|Uppsala
Passed Recordings;Passed Recordings;Deathship - A Nosferatu Rescore;Breachlight;23;Shadow;219;QZZ7X2411557;5579;25;2024-10-27T00:00:00;;https://passedrecordings.bandcamp.com/album/deathship-a-nosferatu-rescore;ambient|dark ambient|electroacoustic|electronic|experimental|film music|industrial|ost|soundtrack|synth|Uppsala
Passed Recordings;Passed Recordings;Deathship - A Nosferatu Rescore;Chris Hobbs;24;Deliverance;165;QZZ7X2411558;5579;25;2024-10-27T00:00:00;;https://passedrecordings.bandcamp.com/album/deathship-a-nosferatu-rescore;ambient|dark ambient|electroacoustic|electronic|experimental|film music|industrial|ost|soundtrack|synth|Uppsala
Passed Recordings;Passed Recordings;Deathship - A Nosferatu Rescore;zYklen;25;Triumphant Rays;104;QZZ7X2411559;5579;25;2024-10-27T00:00:00;;https://passedrecordings.bandcamp.com/album/deathship-a-nosferatu-rescore;ambient|dark ambient|electroacoustic|electronic|experimental|film music|industrial|ost|soundtrack|synth|Uppsala
Passed Recordings;Passed Recordings;Vampyres - A Nosferatu Rescore;Chris Hobbs;1;Nosferatu;291;QZZ7X2407203;5565;26;2024-10-25T00:00:00;;https://passedrecordings.bandcamp.com/album/vampyres-a-nosferatu-rescore;ambient|dark ambient|electroacoustic|electronic|experimental|film music|industrial|ost|soundtrack|synth|Uppsala
Passed Recordings;Passed Recordings;Vampyres - A Nosferatu Rescore;Cavern Cult;2;Knock;197;QZZ7X2407205;5565;26;2024-10-25T00:00:00;;https://passedrecordings.bandcamp.com/album/vampyres-a-nosferatu-rescore;ambient|dark ambient|electroacoustic|electronic|experimental|film music|industrial|ost|soundtrack|synth|Uppsala
Passed Recordings;Passed Recordings;Vampyres - A Nosferatu Rescore;Erik Salin;3;Harmony;43;QZZ7X2407207;5565;26;2024-10-25T00:00:00;;https://passedrecordings.bandcamp.com/album/vampyres-a-nosferatu-rescore;ambient|dark ambient|electroacoustic|electronic|experimental|film music|industrial|ost|soundtrack|synth|Uppsala
Passed Recordings;Passed Recordings;Vampyres - A Nosferatu Rescore;Mathew Gracie;4;Carpathians;72;QZZ7X2407209;5565;26;2024-10-25T00:00:00;;https://passedrecordings.bandcamp.com/album/vampyres-a-nosferatu-rescore;ambient|dark ambient|electroacoustic|electronic|experimental|film music|industrial|ost|soundtrack|synth|Uppsala
Passed Recordings;Passed Recordings;Vampyres - A Nosferatu Rescore;Erik Salin;5;For J.S.;121;QZZ7X2407211;5565;26;2024-10-25T00:00:00;;https://passedrecordings.bandcamp.com/album/vampyres-a-nosferatu-rescore;ambient|dark ambient|electroacoustic|electronic|experimental|film music|industrial|ost|soundtrack|synth|Uppsala
Passed Recordings;Passed Recordings;Vampyres - A Nosferatu Rescore;housefire;6;Of Vampyres;258;QZZ7X2407213;5565;26;2024-10-25T00:00:00;;https://passedrecordings.bandcamp.com/album/vampyres-a-nosferatu-rescore;ambient|dark ambient|electroacoustic|electronic|experimental|film music|industrial|ost|soundtrack|synth|Uppsala
Passed Recordings;Passed Recordings;Vampyres - A Nosferatu Rescore;Asha Patera;7;It's Getting Dark;244;QZZ7X2407215;5565;26;2024-10-25T00:00:00;;https://passedrecordings.bandcamp.com/album/vampyres-a-nosferatu-rescore;ambient|dark ambient|electroacoustic|electronic|experimental|film music|industrial|ost|soundtrack|synth|Uppsala
Passed Recordings;Passed Recordings;Vampyres - A Nosferatu Rescore;Tari Vega;8;Eerie Visions;249;QZZ7X2407216;5565;26;2024-10-25T00:00:00;;https://passedrecordings.bandcamp.com/album/vampyres-a-nosferatu-rescore;ambient|dark ambient|electroacoustic|electronic|experimental|film music|industrial|ost|soundtrack|synth|Uppsala
Passed Recordings;Passed Recordings;Vampyres - A Nosferatu Rescore;Bone Pond;9;Dead To The World;240;QZZ7X2407217;5565;26;2024-10-25T00:00:00;;https://passedrecordings.bandcamp.com/album/vampyres-a-nosferatu-rescore;ambient|dark ambient|electroacoustic|electronic|experimental|film music|industrial|ost|soundtrack|synth|Uppsala
Passed Recordings;Passed Recordings;Vampyres - A Nosferatu Rescore;G!GA LURGH;10;My Darling Dearest;222;QZZ7X2407218;5565;26;2024-10-25T00:00:00;;https://passedrecordings.bandcamp.com/album/vampyres-a-nosferatu-rescore;ambient|dark ambient|electroacoustic|electronic|experimental|film music|industrial|ost|soundtrack|synth|Uppsala
Passed Recordings;Passed Recordings;Vampyres - A Nosferatu Rescore;Logickal;11;Hellish Elixir;287;QZZ7X2407219;5565;26;2024-10-25T00:00:00;;https://passedrecordings.bandcamp.com/album/vampyres-a-nosferatu-rescore;ambient|dark ambient|electroacoustic|electronic|experimental|film music|industrial|ost|soundtrack|synth|Uppsala
Passed Recordings;Passed Recordings;Vampyres - A Nosferatu Rescore;Exit Chamber;12;Call of the Deathbird;265;QZZ7X2407220;5565;26;2024-10-25T00:00:00;;https://passedrecordings.bandcamp.com/album/vampyres-a-nosferatu-rescore;ambient|dark ambient|electroacoustic|electronic|experimental|film music|industrial|ost|soundtrack|synth|Uppsala
Passed Recordings;Passed Recordings;Vampyres - A Nosferatu Rescore;Kevyn Oliveira;13;Danger;211;QZZ7X2407221;5565;26;2024-10-25T00:00:00;;https://passedrecordings.bandcamp.com/album/vampyres-a-nosferatu-rescore;ambient|dark ambient|electroacoustic|electronic|experimental|film music|industrial|ost|soundtrack|synth|Uppsala
Passed Recordings;Passed Recordings;Vampyres - A Nosferatu Rescore;On Idyl;14;Little More Than a Phantom;228;QZZ7X2407222;5565;26;2024-10-25T00:00:00;;https://passedrecordings.bandcamp.com/album/vampyres-a-nosferatu-rescore;ambient|dark ambient|electroacoustic|electronic|experimental|film music|industrial|ost|soundtrack|synth|Uppsala
Passed Recordings;Passed Recordings;Vampyres - A Nosferatu Rescore;Disastrous;15;Solitude of the Dunes;171;QZZ7X2407223;5565;26;2024-10-25T00:00:00;;https://passedrecordings.bandcamp.com/album/vampyres-a-nosferatu-rescore;ambient|dark ambient|electroacoustic|electronic|experimental|film music|industrial|ost|soundtrack|synth|Uppsala
Passed Recordings;Passed Recordings;Vampyres - A Nosferatu Rescore;Toys in the Static;16;Plague;287;QZZ7X2407224;5565;26;2024-10-25T00:00:00;;https://passedrecordings.bandcamp.com/album/vampyres-a-nosferatu-rescore;ambient|dark ambient|electroacoustic|electronic|experimental|film music|industrial|ost|soundtrack|synth|Uppsala
Passed Recordings;Passed Recordings;Vampyres - A Nosferatu Rescore;Take Me There;17;Deathship;235;QT3EY2402280;5565;26;2024-10-25T00:00:00;;https://passedrecordings.bandcamp.com/album/vampyres-a-nosferatu-rescore;ambient|dark ambient|electroacoustic|electronic|experimental|film music|industrial|ost|soundtrack|synth|Uppsala
Passed Recordings;Passed Recordings;Vampyres - A Nosferatu Rescore;Le Sigh;18;He's Coming;188;QZZ7X2407226;5565;26;2024-10-25T00:00:00;;https://passedrecordings.bandcamp.com/album/vampyres-a-nosferatu-rescore;ambient|dark ambient|electroacoustic|electronic|experimental|film music|industrial|ost|soundtrack|synth|Uppsala
Passed Recordings;Passed Recordings;Vampyres - A Nosferatu Rescore;Oeltahn Bahn;19;Everything Will Be Fine;332;QZZ7X2407227;5565;26;2024-10-25T00:00:00;;https://passedrecordings.bandcamp.com/album/vampyres-a-nosferatu-rescore;ambient|dark ambient|electroacoustic|electronic|experimental|film music|industrial|ost|soundtrack|synth|Uppsala
Passed Recordings;Passed Recordings;Vampyres - A Nosferatu Rescore;Laura Burton;20;Not a Living Soul;270;QZZ7X2407228;5565;26;2024-10-25T00:00:00;;https://passedrecordings.bandcamp.com/album/vampyres-a-nosferatu-rescore;ambient|dark ambient|electroacoustic|electronic|experimental|film music|industrial|ost|soundtrack|synth|Uppsala
Passed Recordings;Passed Recordings;Vampyres - A Nosferatu Rescore;Christian Schwoebel;21;Proclamation;148;;5565;26;2024-10-25T00:00:00;;https://passedrecordings.bandcamp.com/album/vampyres-a-nosferatu-rescore;ambient|dark ambient|electroacoustic|electronic|experimental|film music|industrial|ost|soundtrack|synth|Uppsala
Passed Recordings;Passed Recordings;Vampyres - A Nosferatu Rescore;i felt it in my sleep;22;Her Own Bloode;343;QZZ7X2411555;5565;26;2024-10-25T00:00:00;;https://passedrecordings.bandcamp.com/album/vampyres-a-nosferatu-rescore;ambient|dark ambient|electroacoustic|electronic|experimental|film music|industrial|ost|soundtrack|synth|Uppsala
Passed Recordings;Passed Recordings;Vampyres - A Nosferatu Rescore;Leafblighter;23;Ich Liebe Dich;190;;5565;26;2024-10-25T00:00:00;;https://passedrecordings.bandcamp.com/album/vampyres-a-nosferatu-rescore;ambient|dark ambient|electroacoustic|electronic|experimental|film music|industrial|ost|soundtrack|synth|Uppsala
Passed Recordings;Passed Recordings;Vampyres - A Nosferatu Rescore;Unruly Disturbance;24;Shadow;210;QZZ7X2407232;5565;26;2024-10-25T00:00:00;;https://passedrecordings.bandcamp.com/album/vampyres-a-nosferatu-rescore;ambient|dark ambient|electroacoustic|electronic|experimental|film music|industrial|ost|soundtrack|synth|Uppsala
Passed Recordings;Passed Recordings;Vampyres - A Nosferatu Rescore;imagens;25;Deliverance;159;QZZ7X2407233;5565;26;2024-10-25T00:00:00;;https://passedrecordings.bandcamp.com/album/vampyres-a-nosferatu-rescore;ambient|dark ambient|electroacoustic|electronic|experimental|film music|industrial|ost|soundtrack|synth|Uppsala
Passed Recordings;Passed Recordings;Vampyres - A Nosferatu Rescore;Ed Herbers;26;Triumphant Rays;104;QZZ7X2407234;5565;26;2024-10-25T00:00:00;;https://passedrecordings.bandcamp.com/album/vampyres-a-nosferatu-rescore;ambient|dark ambient|electroacoustic|electronic|experimental|film music|industrial|ost|soundtrack|synth|Uppsala
Exit Chamber;Passed Recordings;Oddities Volume 1 (Remixes, Remixed & Compilation Tracks);Exit Chamber;1;Strange Dreams Among the Crumbling Towers (from Landscapes and Emptiness);442;QZWFE2411116;5769;16;2024-09-06T00:00:00;;https://exitchamber.bandcamp.com/album/oddities-volume-1-remixes-remixed-compilation-tracks?label=3985473299&tab=music;ambient|atmospheric|electronic|eurorack|soundscapes|synthesizer|Edinburgh
Exit Chamber;Passed Recordings;Oddities Volume 1 (Remixes, Remixed & Compilation Tracks);Exit Chamber;2;A Mote of Dust Suspended in A Sunbeam (Ed's That's Us, That's Home Remix);191;QZWFE2411117;5769;16;2024-09-06T00:00:00;;https://exitchamber.bandcamp.com/album/oddities-volume-1-remixes-remixed-compilation-tracks?label=3985473299&tab=music;ambient|atmospheric|electronic|eurorack|soundscapes|synthesizer|Edinburgh
Exit Chamber;Passed Recordings;Oddities Volume 1 (Remixes, Remixed & Compilation Tracks);Exit Chamber;3;Life Before This Was Just Dying (from Passed Love);383;QZWFE2411118;5769;16;2024-09-06T00:00:00;;https://exitchamber.bandcamp.com/album/oddities-volume-1-remixes-remixed-compilation-tracks?label=3985473299&tab=music;ambient|atmospheric|electronic|eurorack|soundscapes|synthesizer|Edinburgh
Exit Chamber;Passed Recordings;Oddities Volume 1 (Remixes, Remixed & Compilation Tracks);Christian Schwöbel;4;Dirt (Exit Chamber Remix);347;QZWFE2411119;5769;16;2024-09-06T00:00:00;;https://exitchamber.bandcamp.com/album/oddities-volume-1-remixes-remixed-compilation-tracks?label=3985473299&tab=music;ambient|atmospheric|electronic|eurorack|soundscapes|synthesizer|Edinburgh
Exit Chamber;Passed Recordings;Oddities Volume 1 (Remixes, Remixed & Compilation Tracks);Exit Chamber;5;Their Grave, The Stars (from _Scapes);266;QZWFE2411120;5769;16;2024-09-06T00:00:00;;https://exitchamber.bandcamp.com/album/oddities-volume-1-remixes-remixed-compilation-tracks?label=3985473299&tab=music;ambient|atmospheric|electronic|eurorack|soundscapes|synthesizer|Edinburgh
Exit Chamber;Passed Recordings;Oddities Volume 1 (Remixes, Remixed & Compilation Tracks);Exit Chamber;6;Raindrops (from Retrieving Beirut, part 3​​);220;QZWFE2411121;5769;16;2024-09-06T00:00:00;;https://exitchamber.bandcamp.com/album/oddities-volume-1-remixes-remixed-compilation-tracks?label=3985473299&tab=music;ambient|atmospheric|electronic|eurorack|soundscapes|synthesizer|Edinburgh
Exit Chamber;Passed Recordings;Oddities Volume 1 (Remixes, Remixed & Compilation Tracks);Exit Chamber;7;First Experience Of Vacuum (Asha Patera Remix);531;QZWFE2411122;5769;16;2024-09-06T00:00:00;;https://exitchamber.bandcamp.com/album/oddities-volume-1-remixes-remixed-compilation-tracks?label=3985473299&tab=music;ambient|atmospheric|electronic|eurorack|soundscapes|synthesizer|Edinburgh
Exit Chamber;Passed Recordings;Oddities Volume 1 (Remixes, Remixed & Compilation Tracks);Unruly Disturbance & Exit Chamber;8;About You (from Passed Love);661;QZWFE2411123;5769;16;2024-09-06T00:00:00;;https://exitchamber.bandcamp.com/album/oddities-volume-1-remixes-remixed-compilation-tracks?label=3985473299&tab=music;ambient|atmospheric|electronic|eurorack|soundscapes|synthesizer|Edinburgh
Exit Chamber;Passed Recordings;Oddities Volume 1 (Remixes, Remixed & Compilation Tracks);Exit Chamber;9;Here In The Struggle (Take Me There Remix);321;QZWFE2411124;5769;16;2024-09-06T00:00:00;;https://exitchamber.bandcamp.com/album/oddities-volume-1-remixes-remixed-compilation-tracks?label=3985473299&tab=music;ambient|atmospheric|electronic|eurorack|soundscapes|synthesizer|Edinburgh
Exit Chamber;Passed Recordings;Oddities Volume 1 (Remixes, Remixed & Compilation Tracks);Dohnavùr;10;Can't and Never Will Relate (Exit Chamber Remix);268;QZWFE2411125;5769;16;2024-09-06T00:00:00;;https://exitchamber.bandcamp.com/album/oddities-volume-1-remixes-remixed-compilation-tracks?label=3985473299&tab=music;ambient|atmospheric|electronic|eurorack|soundscapes|synthesizer|Edinburgh
Exit Chamber;Passed Recordings;Oddities Volume 1 (Remixes, Remixed & Compilation Tracks);Exit Chamber;11;First Experience of Vacuum (Christian Schwöbel Remix);581;QZWFE2411130;5769;16;2024-09-06T00:00:00;;https://exitchamber.bandcamp.com/album/oddities-volume-1-remixes-remixed-compilation-tracks?label=3985473299&tab=music;ambient|atmospheric|electronic|eurorack|soundscapes|synthesizer|Edinburgh
Exit Chamber;Passed Recordings;Oddities Volume 1 (Remixes, Remixed & Compilation Tracks);Exit Chamber;12;Whiting Bay, 30th June 2021 (from Passed Summer);281;QZWFE2411127;5769;16;2024-09-06T00:00:00;;https://exitchamber.bandcamp.com/album/oddities-volume-1-remixes-remixed-compilation-tracks?label=3985473299&tab=music;ambient|atmospheric|electronic|eurorack|soundscapes|synthesizer|Edinburgh
Exit Chamber;Passed Recordings;Oddities Volume 1 (Remixes, Remixed & Compilation Tracks);Exit Chamber;13;All Houses are Haunted (from Passed Away);286;QZWFE2411129;5769;16;2024-09-06T00:00:00;;https://exitchamber.bandcamp.com/album/oddities-volume-1-remixes-remixed-compilation-tracks?label=3985473299&tab=music;ambient|atmospheric|electronic|eurorack|soundscapes|synthesizer|Edinburgh
Exit Chamber;Passed Recordings;Oddities Volume 1 (Remixes, Remixed & Compilation Tracks);BEWATER;14;Inside Sea (Exit Chamber Remix);290;QZWFE2411128;5769;16;2024-09-06T00:00:00;;https://exitchamber.bandcamp.com/album/oddities-volume-1-remixes-remixed-compilation-tracks?label=3985473299&tab=music;ambient|atmospheric|electronic|eurorack|soundscapes|synthesizer|Edinburgh
Exit Chamber;Passed Recordings;Oddities Volume 1 (Remixes, Remixed & Compilation Tracks);Exit Chamber;15;Disassociating Again (from Christmas Passed);420;QZWFE2411126;5769;16;2024-09-06T00:00:00;;https://exitchamber.bandcamp.com/album/oddities-volume-1-remixes-remixed-compilation-tracks?label=3985473299&tab=music;ambient|atmospheric|electronic|eurorack|soundscapes|synthesizer|Edinburgh
Exit Chamber;Passed Recordings;Oddities Volume 1 (Remixes, Remixed & Compilation Tracks);Exit Chamber;16;New World (Disastrous’ Mix);281;QZWFE2411131;5769;16;2024-09-06T00:00:00;;https://exitchamber.bandcamp.com/album/oddities-volume-1-remixes-remixed-compilation-tracks?label=3985473299&tab=music;ambient|atmospheric|electronic|eurorack|soundscapes|synthesizer|Edinburgh
Asha Patera;Passed Recordings;Illumine;Asha Patera;1;Form Of Energy;211;QZTBB2470698;3652;11;2024-08-31T00:00:00;;https://ashapatera.bandcamp.com/album/illumine?label=3985473299&tab=music;ambient|ambient|ambient electronic|downtempo|drone|drone ambient|drones|electronica|post-rock|United Kingdom
Asha Patera;Passed Recordings;Illumine;Asha Patera;2;Auspex;292;QZTBB2470699;3652;11;2024-08-31T00:00:00;;https://ashapatera.bandcamp.com/album/illumine?label=3985473299&tab=music;ambient|ambient|ambient electronic|downtempo|drone|drone ambient|drones|electronica|post-rock|United Kingdom
Asha Patera;Passed Recordings;Illumine;Asha Patera;3;Unbalanced;110;QZTBB2470700;3652;11;2024-08-31T00:00:00;;https://ashapatera.bandcamp.com/album/illumine?label=3985473299&tab=music;ambient|ambient|ambient electronic|downtempo|drone|drone ambient|drones|electronica|post-rock|United Kingdom
Asha Patera;Passed Recordings;Illumine;Asha Patera;4;Spectacle In Flight;303;QZTBB2470701;3652;11;2024-08-31T00:00:00;;https://ashapatera.bandcamp.com/album/illumine?label=3985473299&tab=music;ambient|ambient|ambient electronic|downtempo|drone|drone ambient|drones|electronica|post-rock|United Kingdom
Asha Patera;Passed Recordings;Illumine;Asha Patera;5;Fire Ritual;342;QZTBB2470702;3652;11;2024-08-31T00:00:00;;https://ashapatera.bandcamp.com/album/illumine?label=3985473299&tab=music;ambient|ambient|ambient electronic|downtempo|drone|drone ambient|drones|electronica|post-rock|United Kingdom
Asha Patera;Passed Recordings;Illumine;Asha Patera;6;Exposure;410;QZTBB2470703;3652;11;2024-08-31T00:00:00;;https://ashapatera.bandcamp.com/album/illumine?label=3985473299&tab=music;ambient|ambient|ambient electronic|downtempo|drone|drone ambient|drones|electronica|post-rock|United Kingdom
Asha Patera;Passed Recordings;Illumine;Asha Patera;7;Lightseeker;471;QZTBB2470704;3652;11;2024-08-31T00:00:00;;https://ashapatera.bandcamp.com/album/illumine?label=3985473299&tab=music;ambient|ambient|ambient electronic|downtempo|drone|drone ambient|drones|electronica|post-rock|United Kingdom
Asha Patera;Passed Recordings;Illumine;Asha Patera;8;Return From The Lakes;341;QZTBB2470705;3652;11;2024-08-31T00:00:00;;https://ashapatera.bandcamp.com/album/illumine?label=3985473299&tab=music;ambient|ambient|ambient electronic|downtempo|drone|drone ambient|drones|electronica|post-rock|United Kingdom
Asha Patera;Passed Recordings;Illumine;Asha Patera;9;Indicina;262;QZTBB2470706;3652;11;2024-08-31T00:00:00;;https://ashapatera.bandcamp.com/album/illumine?label=3985473299&tab=music;ambient|ambient|ambient electronic|downtempo|drone|drone ambient|drones|electronica|post-rock|United Kingdom
Asha Patera;Passed Recordings;Illumine;Asha Patera;10;Thing Of The Past;247;QZTBB2470707;3652;11;2024-08-31T00:00:00;;https://ashapatera.bandcamp.com/album/illumine?label=3985473299&tab=music;ambient|ambient|ambient electronic|downtempo|drone|drone ambient|drones|electronica|post-rock|United Kingdom
Asha Patera;Passed Recordings;Illumine;Asha Patera;11;Tonnant;663;QZTBB2470708;3652;11;2024-08-31T00:00:00;;https://ashapatera.bandcamp.com/album/illumine?label=3985473299&tab=music;ambient|ambient|ambient electronic|downtempo|drone|drone ambient|drones|electronica|post-rock|United Kingdom
David Aimone;Passed Recordings;Renasense;David Aimone;1;Time Down;346;;3863;11;2024-08-24T00:00:00;;https://davidaimone.bandcamp.com/album/renasense?label=3985473299&tab=music;ambient|acoustic|ambient|classical|electronic|improv|improvisation|Saratoga Springs
David Aimone;Passed Recordings;Renasense;David Aimone;2;Michel;206;;3863;11;2024-08-24T00:00:00;;https://davidaimone.bandcamp.com/album/renasense?label=3985473299&tab=music;ambient|acoustic|ambient|classical|electronic|improv|improvisation|Saratoga Springs
David Aimone;Passed Recordings;Renasense;David Aimone;3;Future Hope;267;;3863;11;2024-08-24T00:00:00;;https://davidaimone.bandcamp.com/album/renasense?label=3985473299&tab=music;ambient|acoustic|ambient|classical|electronic|improv|improvisation|Saratoga Springs
David Aimone;Passed Recordings;Renasense;David Aimone;4;DroneNaught;338;;3863;11;2024-08-24T00:00:00;;https://davidaimone.bandcamp.com/album/renasense?label=3985473299&tab=music;ambient|acoustic|ambient|classical|electronic|improv|improvisation|Saratoga Springs
David Aimone;Passed Recordings;Renasense;David Aimone;5;Renasence;450;;3863;11;2024-08-24T00:00:00;;https://davidaimone.bandcamp.com/album/renasense?label=3985473299&tab=music;ambient|acoustic|ambient|classical|electronic|improv|improvisation|Saratoga Springs
David Aimone;Passed Recordings;Renasense;David Aimone;6;Duality;344;;3863;11;2024-08-24T00:00:00;;https://davidaimone.bandcamp.com/album/renasense?label=3985473299&tab=music;ambient|acoustic|ambient|classical|electronic|improv|improvisation|Saratoga Springs
David Aimone;Passed Recordings;Renasense;David Aimone;7;Vespers No.2;324;;3863;11;2024-08-24T00:00:00;;https://davidaimone.bandcamp.com/album/renasense?label=3985473299&tab=music;ambient|acoustic|ambient|classical|electronic|improv|improvisation|Saratoga Springs
David Aimone;Passed Recordings;Renasense;David Aimone;8;Golden;540;;3863;11;2024-08-24T00:00:00;;https://davidaimone.bandcamp.com/album/renasense?label=3985473299&tab=music;ambient|acoustic|ambient|classical|electronic|improv|improvisation|Saratoga Springs
David Aimone;Passed Recordings;Renasense;David Aimone;9;UnderEngine;286;;3863;11;2024-08-24T00:00:00;;https://davidaimone.bandcamp.com/album/renasense?label=3985473299&tab=music;ambient|acoustic|ambient|classical|electronic|improv|improvisation|Saratoga Springs
David Aimone;Passed Recordings;Renasense;David Aimone;10;In Memorium;468;;3863;11;2024-08-24T00:00:00;;https://davidaimone.bandcamp.com/album/renasense?label=3985473299&tab=music;ambient|acoustic|ambient|classical|electronic|improv|improvisation|Saratoga Springs
David Aimone;Passed Recordings;Renasense;David Aimone;11;Changeling;294;;3863;11;2024-08-24T00:00:00;;https://davidaimone.bandcamp.com/album/renasense?label=3985473299&tab=music;ambient|acoustic|ambient|classical|electronic|improv|improvisation|Saratoga Springs
G!GA LURGH;Passed Recordings;Kyanite Drift;G!GA LURGH;1;Echoes from Arkadia, Pt. 1;202;DEYX82209818;1248;5;2024-08-23T00:00:00;;https://gigalurgh.bandcamp.com/album/kyanite-drift?label=3985473299&tab=music;electronic|ambient|chillout|downtempo|experimental|groove|idm|Offenbach
G!GA LURGH;Passed Recordings;Kyanite Drift;G!GA LURGH;2;Thera;160;DEYX82202940;1248;5;2024-08-23T00:00:00;;https://gigalurgh.bandcamp.com/album/kyanite-drift?label=3985473299&tab=music;electronic|ambient|chillout|downtempo|experimental|groove|idm|Offenbach
G!GA LURGH;Passed Recordings;Kyanite Drift;G!GA LURGH;3;Nautic Slumber;194;DEYX82205548;1248;5;2024-08-23T00:00:00;;https://gigalurgh.bandcamp.com/album/kyanite-drift?label=3985473299&tab=music;electronic|ambient|chillout|downtempo|experimental|groove|idm|Offenbach
G!GA LURGH;Passed Recordings;Kyanite Drift;G!GA LURGH;4;Herakleion;468;DEYX82209819;1248;5;2024-08-23T00:00:00;;https://gigalurgh.bandcamp.com/album/kyanite-drift?label=3985473299&tab=music;electronic|ambient|chillout|downtempo|experimental|groove|idm|Offenbach
G!GA LURGH;Passed Recordings;Kyanite Drift;G!GA LURGH;5;Echoes from Arkadia, Pt. 2;224;DEYX82209820;1248;5;2024-08-23T00:00:00;;https://gigalurgh.bandcamp.com/album/kyanite-drift?label=3985473299&tab=music;electronic|ambient|chillout|downtempo|experimental|groove|idm|Offenbach
On Idyl;Passed Recordings;Mycorrhiza / Miyake;On Idyl;1;Mycorrhiza I: The Undergrowth;808;QZNXN2402001;3759;6;2024-07-26T00:00:00;;https://onidyl.bandcamp.com/album/mycorrhiza-miyake?label=3985473299&tab=music;alternative|alternative rock|ambient|cosmic|dream ambient|electronic|mushroom|mushrooms|post-rock|psychedelic|shoegaze|Bellingham
On Idyl;Passed Recordings;Mycorrhiza / Miyake;On Idyl;2;Mycorrhiza II: Fruiting Bodies Fall;457;QZNXN2402002;3759;6;2024-07-26T00:00:00;;https://onidyl.bandcamp.com/album/mycorrhiza-miyake?label=3985473299&tab=music;alternative|alternative rock|ambient|cosmic|dream ambient|electronic|mushroom|mushrooms|post-rock|psychedelic|shoegaze|Bellingham
On Idyl;Passed Recordings;Mycorrhiza / Miyake;On Idyl;3;Mycorrhiza III: Wind-Blown Spores;708;QZNXN2402003;3759;6;2024-07-26T00:00:00;;https://onidyl.bandcamp.com/album/mycorrhiza-miyake?label=3985473299&tab=music;alternative|alternative rock|ambient|cosmic|dream ambient|electronic|mushroom|mushrooms|post-rock|psychedelic|shoegaze|Bellingham
On Idyl;Passed Recordings;Mycorrhiza / Miyake;On Idyl;4;Miyake I: Flare;575;QZNXN2402004;3759;6;2024-07-26T00:00:00;;https://onidyl.bandcamp.com/album/mycorrhiza-miyake?label=3985473299&tab=music;alternative|alternative rock|ambient|cosmic|dream ambient|electronic|mushroom|mushrooms|post-rock|psychedelic|shoegaze|Bellingham
On Idyl;Passed Recordings;Mycorrhiza / Miyake;On Idyl;5;Miyake II: Particle;559;QZNXN2402005;3759;6;2024-07-26T00:00:00;;https://onidyl.bandcamp.com/album/mycorrhiza-miyake?label=3985473299&tab=music;alternative|alternative rock|ambient|cosmic|dream ambient|electronic|mushroom|mushrooms|post-rock|psychedelic|shoegaze|Bellingham
On Idyl;Passed Recordings;Mycorrhiza / Miyake;On Idyl;6;Miyake III: Rings;652;;3759;6;2024-07-26T00:00:00;;https://onidyl.bandcamp.com/album/mycorrhiza-miyake?label=3985473299&tab=music;alternative|alternative rock|ambient|cosmic|dream ambient|electronic|mushroom|mushrooms|post-rock|psychedelic|shoegaze|Bellingham
Passed Recordings;Passed Recordings;Passed Summer;Ed Herbers;1;Gloam;249;QZK6N2501521;12569;38;2024-07-12T00:00:00;;https://passedrecordings.bandcamp.com/album/passed-summer;#ambient|#compilation|#drone|#fieldrecordings|#glitch|#summer|Uppsala
Passed Recordings;Passed Recordings;Passed Summer;Kevyn Oliveira;2;Bloom;321;QZK6N2501522;12569;38;2024-07-12T00:00:00;;https://passedrecordings.bandcamp.com/album/passed-summer;#ambient|#compilation|#drone|#fieldrecordings|#glitch|#summer|Uppsala
Passed Recordings;Passed Recordings;Passed Summer;Beholden;3;Pale Light Of Dawn;271;QZK6N2501523;12569;38;2024-07-12T00:00:00;;https://passedrecordings.bandcamp.com/album/passed-summer;#ambient|#compilation|#drone|#fieldrecordings|#glitch|#summer|Uppsala
Passed Recordings;Passed Recordings;Passed Summer;Exit Chamber;4;Whiting Bay, 30th June 2021;281;QZWFE2411127;12569;38;2024-07-12T00:00:00;;https://passedrecordings.bandcamp.com/album/passed-summer;#ambient|#compilation|#drone|#fieldrecordings|#glitch|#summer|Uppsala
Passed Recordings;Passed Recordings;Passed Summer;Logickal;5;FL380Summerdream;431;QZK6N2501525;12569;38;2024-07-12T00:00:00;;https://passedrecordings.bandcamp.com/album/passed-summer;#ambient|#compilation|#drone|#fieldrecordings|#glitch|#summer|Uppsala
Passed Recordings;Passed Recordings;Passed Summer;Asha Patera;6;Sungem;301;QZK6N2501526;12569;38;2024-07-12T00:00:00;;https://passedrecordings.bandcamp.com/album/passed-summer;#ambient|#compilation|#drone|#fieldrecordings|#glitch|#summer|Uppsala
Passed Recordings;Passed Recordings;Passed Summer;Housefire;7;Lost at Sea;235;QZTAU2413700;12569;38;2024-07-12T00:00:00;;https://passedrecordings.bandcamp.com/album/passed-summer;#ambient|#compilation|#drone|#fieldrecordings|#glitch|#summer|Uppsala
Passed Recordings;Passed Recordings;Passed Summer;Tore Aune Fjellstad;8;Driftwood;194;QZK6N2501528;12569;38;2024-07-12T00:00:00;;https://passedrecordings.bandcamp.com/album/passed-summer;#ambient|#compilation|#drone|#fieldrecordings|#glitch|#summer|Uppsala
Passed Recordings;Passed Recordings;Passed Summer;G!GA LURGH;9;Solastalgia;289;QZK6N2501529;12569;38;2024-07-12T00:00:00;;https://passedrecordings.bandcamp.com/album/passed-summer;#ambient|#compilation|#drone|#fieldrecordings|#glitch|#summer|Uppsala
Passed Recordings;Passed Recordings;Passed Summer;Laura Burton;10;Mayday;349;QZK6N2501530;12569;38;2024-07-12T00:00:00;;https://passedrecordings.bandcamp.com/album/passed-summer;#ambient|#compilation|#drone|#fieldrecordings|#glitch|#summer|Uppsala
Passed Recordings;Passed Recordings;Passed Summer;La Morte de D'arc;11;Rushing into the Water;333;QZK6N2501531;12569;38;2024-07-12T00:00:00;;https://passedrecordings.bandcamp.com/album/passed-summer;#ambient|#compilation|#drone|#fieldrecordings|#glitch|#summer|Uppsala
Passed Recordings;Passed Recordings;Passed Summer;Toys in the Static;12;July's Drogue;179;QZK6N2501532;12569;38;2024-07-12T00:00:00;;https://passedrecordings.bandcamp.com/album/passed-summer;#ambient|#compilation|#drone|#fieldrecordings|#glitch|#summer|Uppsala
Passed Recordings;Passed Recordings;Passed Summer;Cavern Cult;13;Ride a Flow;186;QZK6N2501533;12569;38;2024-07-12T00:00:00;;https://passedrecordings.bandcamp.com/album/passed-summer;#ambient|#compilation|#drone|#fieldrecordings|#glitch|#summer|Uppsala
Passed Recordings;Passed Recordings;Passed Summer;Leafblighter;14;Hot Ambient Summer;299;QZK6N2501534;12569;38;2024-07-12T00:00:00;;https://passedrecordings.bandcamp.com/album/passed-summer;#ambient|#compilation|#drone|#fieldrecordings|#glitch|#summer|Uppsala
Passed Recordings;Passed Recordings;Passed Summer;On Idyl;15;Rufus & Leila June;348;QZK6N2501535;12569;38;2024-07-12T00:00:00;;https://passedrecordings.bandcamp.com/album/passed-summer;#ambient|#compilation|#drone|#fieldrecordings|#glitch|#summer|Uppsala
Passed Recordings;Passed Recordings;Passed Summer;Ærebus;16;Burning Sun;230;QZK6N2501536;12569;38;2024-07-12T00:00:00;;https://passedrecordings.bandcamp.com/album/passed-summer;#ambient|#compilation|#drone|#fieldrecordings|#glitch|#summer|Uppsala
Passed Recordings;Passed Recordings;Passed Summer;irgo;17;Fuglesang (irgo interpreting Johan Almström);357;QZK6N2501537;12569;38;2024-07-12T00:00:00;;https://passedrecordings.bandcamp.com/album/passed-summer;#ambient|#compilation|#drone|#fieldrecordings|#glitch|#summer|Uppsala
Passed Recordings;Passed Recordings;Passed Summer;LSM;18;charging clouds;348;QZK6N2501538;12569;38;2024-07-12T00:00:00;;https://passedrecordings.bandcamp.com/album/passed-summer;#ambient|#compilation|#drone|#fieldrecordings|#glitch|#summer|Uppsala
Passed Recordings;Passed Recordings;Passed Summer;Take Me There;19;Gråberget;236;QT3EY2402281;12569;38;2024-07-12T00:00:00;;https://passedrecordings.bandcamp.com/album/passed-summer;#ambient|#compilation|#drone|#fieldrecordings|#glitch|#summer|Uppsala
Passed Recordings;Passed Recordings;Passed Summer;mobdividual;20;marbled presunrise;281;QZK6N2539975;12569;38;2024-07-12T00:00:00;;https://passedrecordings.bandcamp.com/album/passed-summer;#ambient|#compilation|#drone|#fieldrecordings|#glitch|#summer|Uppsala
Passed Recordings;Passed Recordings;Passed Summer;Manestöö;21;wolf of the world;146;QZK6N2539976;12569;38;2024-07-12T00:00:00;;https://passedrecordings.bandcamp.com/album/passed-summer;#ambient|#compilation|#drone|#fieldrecordings|#glitch|#summer|Uppsala
Passed Recordings;Passed Recordings;Passed Summer;Charles Keterson, Luminous Fridge & passengers;22;Red Ball In The Ground;252;QZK6N2539977;12569;38;2024-07-12T00:00:00;;https://passedrecordings.bandcamp.com/album/passed-summer;#ambient|#compilation|#drone|#fieldrecordings|#glitch|#summer|Uppsala
Passed Recordings;Passed Recordings;Passed Summer;Pollyanna;23;I Am The Rain Captain;172;QZK6N2539978;12569;38;2024-07-12T00:00:00;;https://passedrecordings.bandcamp.com/album/passed-summer;#ambient|#compilation|#drone|#fieldrecordings|#glitch|#summer|Uppsala
Passed Recordings;Passed Recordings;Passed Summer;Volovec;24;Static D5;327;QZK6N2539979;12569;38;2024-07-12T00:00:00;;https://passedrecordings.bandcamp.com/album/passed-summer;#ambient|#compilation|#drone|#fieldrecordings|#glitch|#summer|Uppsala
Passed Recordings;Passed Recordings;Passed Summer;imagens;25;fESTIVAL;283;GX4R52475373;12569;38;2024-07-12T00:00:00;;https://passedrecordings.bandcamp.com/album/passed-summer;#ambient|#compilation|#drone|#fieldrecordings|#glitch|#summer|Uppsala
Passed Recordings;Passed Recordings;Passed Summer;Chris Blondeman;26;Walking Through The Market;138;QZK6N2539981;12569;38;2024-07-12T00:00:00;;https://passedrecordings.bandcamp.com/album/passed-summer;#ambient|#compilation|#drone|#fieldrecordings|#glitch|#summer|Uppsala
Passed Recordings;Passed Recordings;Passed Summer;Sky Lore;27;Beach Sunset;394;QZK6N2539982;12569;38;2024-07-12T00:00:00;;https://passedrecordings.bandcamp.com/album/passed-summer;#ambient|#compilation|#drone|#fieldrecordings|#glitch|#summer|Uppsala
Passed Recordings;Passed Recordings;Passed Summer;T-toe;28;La nuit venue, on y verra plus clair;335;QZK6N2539983;12569;38;2024-07-12T00:00:00;;https://passedrecordings.bandcamp.com/album/passed-summer;#ambient|#compilation|#drone|#fieldrecordings|#glitch|#summer|Uppsala
Passed Recordings;Passed Recordings;Passed Summer;Will Dee;29;Finish What We Started;243;USL4Q2338560;12569;38;2024-07-12T00:00:00;;https://passedrecordings.bandcamp.com/album/passed-summer;#ambient|#compilation|#drone|#fieldrecordings|#glitch|#summer|Uppsala
Passed Recordings;Passed Recordings;Passed Summer;Atomic Unit;30;Dawn;445;TCAJC2476946;12569;38;2024-07-12T00:00:00;;https://passedrecordings.bandcamp.com/album/passed-summer;#ambient|#compilation|#drone|#fieldrecordings|#glitch|#summer|Uppsala
Passed Recordings;Passed Recordings;Passed Summer;memory veil;31;A Moment of Gathering;536;QZK6N2539986;12569;38;2024-07-12T00:00:00;;https://passedrecordings.bandcamp.com/album/passed-summer;#ambient|#compilation|#drone|#fieldrecordings|#glitch|#summer|Uppsala
Passed Recordings;Passed Recordings;Passed Summer;oeltahn bahn;32;Into Fall;495;QZK6N2539987;12569;38;2024-07-12T00:00:00;;https://passedrecordings.bandcamp.com/album/passed-summer;#ambient|#compilation|#drone|#fieldrecordings|#glitch|#summer|Uppsala
Passed Recordings;Passed Recordings;Passed Summer;iZeo;33;Awaiting the Midnight;529;QZK6N2539988;12569;38;2024-07-12T00:00:00;;https://passedrecordings.bandcamp.com/album/passed-summer;#ambient|#compilation|#drone|#fieldrecordings|#glitch|#summer|Uppsala
Passed Recordings;Passed Recordings;Passed Summer;xKEEP TRYINGx;34;Enziane;461;QZK6N2539989;12569;38;2024-07-12T00:00:00;;https://passedrecordings.bandcamp.com/album/passed-summer;#ambient|#compilation|#drone|#fieldrecordings|#glitch|#summer|Uppsala
Passed Recordings;Passed Recordings;Passed Summer;Jasima;35;Before Our Eyes;548;QZK6N2539990;12569;38;2024-07-12T00:00:00;;https://passedrecordings.bandcamp.com/album/passed-summer;#ambient|#compilation|#drone|#fieldrecordings|#glitch|#summer|Uppsala
Passed Recordings;Passed Recordings;Passed Summer;Fennel|Three Summer Scenes (Elegy|Fantasy;36;Nocturne);514;;12569;38;2024-07-12T00:00:00;;https://passedrecordings.bandcamp.com/album/passed-summer;#ambient|#compilation|#drone|#fieldrecordings|#glitch|#summer|Uppsala
Passed Recordings;Passed Recordings;Passed Summer;Erik Salin;37;Gaia Sings For Her Children;432;;12569;38;2024-07-12T00:00:00;;https://passedrecordings.bandcamp.com/album/passed-summer;#ambient|#compilation|#drone|#fieldrecordings|#glitch|#summer|Uppsala
Passed Recordings;Passed Recordings;Passed Summer;Mathew Gracie;38;Etobicoke River;601;QZK6N2539992;12569;38;2024-07-12T00:00:00;;https://passedrecordings.bandcamp.com/album/passed-summer;#ambient|#compilation|#drone|#fieldrecordings|#glitch|#summer|Uppsala
Ed Herbers;Passed Recordings;Mile High Club: The Cruising Altitude Remixes;BenjiTracks;1;Cruising Altitude (Fear of Flying Remix);352;QZMEM2424563;3494;11;2024-06-14T00:00:00;;https://herbers.bandcamp.com/album/mile-high-club-the-cruising-altitude-remixes?label=3985473299&tab=music;ambient|cinematic|electronic|instrumental|remixes|Cincinnati
Ed Herbers;Passed Recordings;Mile High Club: The Cruising Altitude Remixes;Logickal;2;Cruising Altitude (Top of Descent Remix);406;QZMEM2424564;3494;11;2024-06-14T00:00:00;;https://herbers.bandcamp.com/album/mile-high-club-the-cruising-altitude-remixes?label=3985473299&tab=music;ambient|cinematic|electronic|instrumental|remixes|Cincinnati
Ed Herbers;Passed Recordings;Mile High Club: The Cruising Altitude Remixes;AX MADWICK;3;Cruising Altitude (Seatbelt Sign Remix);187;QZMEM2424565;3494;11;2024-06-14T00:00:00;;https://herbers.bandcamp.com/album/mile-high-club-the-cruising-altitude-remixes?label=3985473299&tab=music;ambient|cinematic|electronic|instrumental|remixes|Cincinnati
Ed Herbers;Passed Recordings;Mile High Club: The Cruising Altitude Remixes;METHEWS;4;Cruising Altitude (METHEWS Remix);350;QZMEM2424566;3494;11;2024-06-14T00:00:00;;https://herbers.bandcamp.com/album/mile-high-club-the-cruising-altitude-remixes?label=3985473299&tab=music;ambient|cinematic|electronic|instrumental|remixes|Cincinnati
Ed Herbers;Passed Recordings;Mile High Club: The Cruising Altitude Remixes;On Idyl;5;Cruising Altitude (Midair Idyl Remix);294;QZMEM2424567;3494;11;2024-06-14T00:00:00;;https://herbers.bandcamp.com/album/mile-high-club-the-cruising-altitude-remixes?label=3985473299&tab=music;ambient|cinematic|electronic|instrumental|remixes|Cincinnati
Ed Herbers;Passed Recordings;Mile High Club: The Cruising Altitude Remixes;Temperhythm;6;Cruising Altitude (Temperhythm Remix);223;;3494;11;2024-06-14T00:00:00;;https://herbers.bandcamp.com/album/mile-high-club-the-cruising-altitude-remixes?label=3985473299&tab=music;ambient|cinematic|electronic|instrumental|remixes|Cincinnati
Ed Herbers;Passed Recordings;Mile High Club: The Cruising Altitude Remixes;Toys in the Static;7;Cruising Altitude (CVG-CMH-ROC 1.5 Remix);418;QZMEM2424569;3494;11;2024-06-14T00:00:00;;https://herbers.bandcamp.com/album/mile-high-club-the-cruising-altitude-remixes?label=3985473299&tab=music;ambient|cinematic|electronic|instrumental|remixes|Cincinnati
Ed Herbers;Passed Recordings;Mile High Club: The Cruising Altitude Remixes;Shadow Copy;8;Cruising Altitude (Northwest Airlink Flight 2940 Remix);431;QZMEM2424570;3494;11;2024-06-14T00:00:00;;https://herbers.bandcamp.com/album/mile-high-club-the-cruising-altitude-remixes?label=3985473299&tab=music;ambient|cinematic|electronic|instrumental|remixes|Cincinnati
Ed Herbers;Passed Recordings;Mile High Club: The Cruising Altitude Remixes;Towers of Dismay;9;Cruising Altitude (Spring Snow Remix);346;QZMEM2424571;3494;11;2024-06-14T00:00:00;;https://herbers.bandcamp.com/album/mile-high-club-the-cruising-altitude-remixes?label=3985473299&tab=music;ambient|cinematic|electronic|instrumental|remixes|Cincinnati
Ed Herbers;Passed Recordings;Mile High Club: The Cruising Altitude Remixes;Matthew Wolf;10;Cruising Altitude (Ambient Techno Remix);227;QZMEM2424572;3494;11;2024-06-14T00:00:00;;https://herbers.bandcamp.com/album/mile-high-club-the-cruising-altitude-remixes?label=3985473299&tab=music;ambient|cinematic|electronic|instrumental|remixes|Cincinnati
Ed Herbers;Passed Recordings;Mile High Club: The Cruising Altitude Remixes;Ed Herbers;11;Cruising Altitude (Charter Flight Remix);260;QZMEM2424573;3494;11;2024-06-14T00:00:00;;https://herbers.bandcamp.com/album/mile-high-club-the-cruising-altitude-remixes?label=3985473299&tab=music;ambient|cinematic|electronic|instrumental|remixes|Cincinnati
Ed Herbers;Passed Recordings;Upper Atmosphere;Ed Herbers;1;Cruising Altitude;347;QZK6Q2417274;3451;11;2024-05-31T00:00:00;;https://herbers.bandcamp.com/album/upper-atmosphere?label=3985473299&tab=music;ambient|atmospheric|cinematic|electronic|instrumental|space ambient|Cincinnati
Ed Herbers;Passed Recordings;Upper Atmosphere;Ed Herbers;2;Fragile Beauty;374;QZK6Q2461334;3451;11;2024-05-31T00:00:00;;https://herbers.bandcamp.com/album/upper-atmosphere?label=3985473299&tab=music;ambient|atmospheric|cinematic|electronic|instrumental|space ambient|Cincinnati
Ed Herbers;Passed Recordings;Upper Atmosphere;Ed Herbers;3;Exos;365;QZK6Q2461335;3451;11;2024-05-31T00:00:00;;https://herbers.bandcamp.com/album/upper-atmosphere?label=3985473299&tab=music;ambient|atmospheric|cinematic|electronic|instrumental|space ambient|Cincinnati
Ed Herbers;Passed Recordings;Upper Atmosphere;Ed Herbers;4;Something Is Out There;329;QZK6Q2461336;3451;11;2024-05-31T00:00:00;;https://herbers.bandcamp.com/album/upper-atmosphere?label=3985473299&tab=music;ambient|atmospheric|cinematic|electronic|instrumental|space ambient|Cincinnati
Ed Herbers;Passed Recordings;Upper Atmosphere;Ed Herbers;5;Gravity Well;338;QZK6Q2461337;3451;11;2024-05-31T00:00:00;;https://herbers.bandcamp.com/album/upper-atmosphere?label=3985473299&tab=music;ambient|atmospheric|cinematic|electronic|instrumental|space ambient|Cincinnati
Ed Herbers;Passed Recordings;Upper Atmosphere;Ed Herbers;6;Spacewalk;231;QZK6Q2461338;3451;11;2024-05-31T00:00:00;;https://herbers.bandcamp.com/album/upper-atmosphere?label=3985473299&tab=music;ambient|atmospheric|cinematic|electronic|instrumental|space ambient|Cincinnati
Ed Herbers;Passed Recordings;Upper Atmosphere;Ed Herbers;7;Points of Light;260;QZK6Q2461339;3451;11;2024-05-31T00:00:00;;https://herbers.bandcamp.com/album/upper-atmosphere?label=3985473299&tab=music;ambient|atmospheric|cinematic|electronic|instrumental|space ambient|Cincinnati
Ed Herbers;Passed Recordings;Upper Atmosphere;Ed Herbers;8;Stratosphere;471;QZK6Q2461340;3451;11;2024-05-31T00:00:00;;https://herbers.bandcamp.com/album/upper-atmosphere?label=3985473299&tab=music;ambient|atmospheric|cinematic|electronic|instrumental|space ambient|Cincinnati
Ed Herbers;Passed Recordings;Upper Atmosphere;Ed Herbers;9;Splashdown;263;QZK6Q2450268;3451;11;2024-05-31T00:00:00;;https://herbers.bandcamp.com/album/upper-atmosphere?label=3985473299&tab=music;ambient|atmospheric|cinematic|electronic|instrumental|space ambient|Cincinnati
Ed Herbers;Passed Recordings;Upper Atmosphere;Ed Herbers;10;The Overview Effect;211;QZK6Q2461341;3451;11;2024-05-31T00:00:00;;https://herbers.bandcamp.com/album/upper-atmosphere?label=3985473299&tab=music;ambient|atmospheric|cinematic|electronic|instrumental|space ambient|Cincinnati
Ed Herbers;Passed Recordings;Upper Atmosphere;Ed Herbers;11;Splashdown (Accordion Mix);262;QZK6Q2450269;3451;11;2024-05-31T00:00:00;;https://herbers.bandcamp.com/album/upper-atmosphere?label=3985473299&tab=music;ambient|atmospheric|cinematic|electronic|instrumental|space ambient|Cincinnati

Take Me There;Passed Recordings;Grycksboexpressen;Take Me There;1;The Colorless Tsukuru (feat. Ed Herbers);256;;2302;11;2024-04-26T00:00:00;;https://takemethere.bandcamp.com/album/grycksboexpressen?label=3985473299&tab=music;ambient|experimental|ambient|dreamy|drone|electronic|noise|shoegaze|Sweden
Take Me There;Passed Recordings;Grycksboexpressen;Take Me There;2;Visa För Karl-Edvin;180;QZHN92437331;2302;11;2024-04-26T00:00:00;;https://takemethere.bandcamp.com/album/grycksboexpressen?label=3985473299&tab=music;ambient|experimental|ambient|dreamy|drone|electronic|noise|shoegaze|Sweden
Take Me There;Passed Recordings;Grycksboexpressen;Take Me There;3;A Trace Of Eternity;192;QZHN92437332;2302;11;2024-04-26T00:00:00;;https://takemethere.bandcamp.com/album/grycksboexpressen?label=3985473299&tab=music;ambient|experimental|ambient|dreamy|drone|electronic|noise|shoegaze|Sweden
Take Me There;Passed Recordings;Grycksboexpressen;Take Me There;4;Is this really you?;262;QZHN92437333;2302;11;2024-04-26T00:00:00;;https://takemethere.bandcamp.com/album/grycksboexpressen?label=3985473299&tab=music;ambient|experimental|ambient|dreamy|drone|electronic|noise|shoegaze|Sweden
Take Me There;Passed Recordings;Grycksboexpressen;Take Me There;5;A Monster With No Name;206;QZHN92437334;2302;11;2024-04-26T00:00:00;;https://takemethere.bandcamp.com/album/grycksboexpressen?label=3985473299&tab=music;ambient|experimental|ambient|dreamy|drone|electronic|noise|shoegaze|Sweden
Take Me There;Passed Recordings;Grycksboexpressen;Take Me There;6;Lunge;152;QZHN92437335;2302;11;2024-04-26T00:00:00;;https://takemethere.bandcamp.com/album/grycksboexpressen?label=3985473299&tab=music;ambient|experimental|ambient|dreamy|drone|electronic|noise|shoegaze|Sweden
Take Me There;Passed Recordings;Grycksboexpressen;Take Me There;7;I have been here for 30 years;304;QZHN92437336;2302;11;2024-04-26T00:00:00;;https://takemethere.bandcamp.com/album/grycksboexpressen?label=3985473299&tab=music;ambient|experimental|ambient|dreamy|drone|electronic|noise|shoegaze|Sweden
Take Me There;Passed Recordings;Grycksboexpressen;Take Me There;8;Impossible To Copy;104;QZHN92437337;2302;11;2024-04-26T00:00:00;;https://takemethere.bandcamp.com/album/grycksboexpressen?label=3985473299&tab=music;ambient|experimental|ambient|dreamy|drone|electronic|noise|shoegaze|Sweden
Take Me There;Passed Recordings;Grycksboexpressen;Take Me There;9;Grycksboexpressen;238;QZHN92437338;2302;11;2024-04-26T00:00:00;;https://takemethere.bandcamp.com/album/grycksboexpressen?label=3985473299&tab=music;ambient|experimental|ambient|dreamy|drone|electronic|noise|shoegaze|Sweden
Take Me There;Passed Recordings;Grycksboexpressen;Take Me There;10;I leaned against the beauty of the world (feat. passengers);172;;2302;11;2024-04-26T00:00:00;;https://takemethere.bandcamp.com/album/grycksboexpressen?label=3985473299&tab=music;ambient|experimental|ambient|dreamy|drone|electronic|noise|shoegaze|Sweden
Take Me There;Passed Recordings;Grycksboexpressen;Take Me There;11;I'll see you again, beneath the falls (feat. Tari Vega);236;;2302;11;2024-04-26T00:00:00;;https://takemethere.bandcamp.com/album/grycksboexpressen?label=3985473299&tab=music;ambient|experimental|ambient|dreamy|drone|electronic|noise|shoegaze|Sweden
Exit Chamber;Passed Recordings;The Obelisk;Exit Chamber;1;Landscape Of Thorns;368;QZHN72453718;4042;7;2024-03-15T00:00:00;;https://exitchamber.bandcamp.com/album/the-obelisk?label=3985473299&tab=music;ambient|atmospheric|electronic|eurorack|soundscapes|synthesizer|Edinburgh
Exit Chamber;Passed Recordings;The Obelisk;Exit Chamber;2;The Storm;608;QZHN72453719;4042;7;2024-03-15T00:00:00;;https://exitchamber.bandcamp.com/album/the-obelisk?label=3985473299&tab=music;ambient|atmospheric|electronic|eurorack|soundscapes|synthesizer|Edinburgh
Exit Chamber;Passed Recordings;The Obelisk;Exit Chamber;3;Something On The Horizon;316;QZHN72453720;4042;7;2024-03-15T00:00:00;;https://exitchamber.bandcamp.com/album/the-obelisk?label=3985473299&tab=music;ambient|atmospheric|electronic|eurorack|soundscapes|synthesizer|Edinburgh
Exit Chamber;Passed Recordings;The Obelisk;Exit Chamber;4;This Is Not A Place Of Honour;748;QZHN72453721;4042;7;2024-03-15T00:00:00;;https://exitchamber.bandcamp.com/album/the-obelisk?label=3985473299&tab=music;ambient|atmospheric|electronic|eurorack|soundscapes|synthesizer|Edinburgh
Exit Chamber;Passed Recordings;The Obelisk;Exit Chamber;5;Entering The Obelisk;480;QZHN72453722;4042;7;2024-03-15T00:00:00;;https://exitchamber.bandcamp.com/album/the-obelisk?label=3985473299&tab=music;ambient|atmospheric|electronic|eurorack|soundscapes|synthesizer|Edinburgh
Exit Chamber;Passed Recordings;The Obelisk;Exit Chamber;6;These Monsters Are Man Made;336;QZHN72453723;4042;7;2024-03-15T00:00:00;;https://exitchamber.bandcamp.com/album/the-obelisk?label=3985473299&tab=music;ambient|atmospheric|electronic|eurorack|soundscapes|synthesizer|Edinburgh
Exit Chamber;Passed Recordings;The Obelisk;Exit Chamber;7;One Last Sunset (Parts I, II And III);1186;QZHN72453724;4042;7;2024-03-15T00:00:00;;https://exitchamber.bandcamp.com/album/the-obelisk?label=3985473299&tab=music;ambient|atmospheric|electronic|eurorack|soundscapes|synthesizer|Edinburgh
Ed Herbers;Passed Recordings;Insomnia (Single);Ed Herbers;1;Insomnia;237;QZFZ22423844;518;2;2024-02-16T00:00:00;;https://herbers.bandcamp.com/album/insomnia-single?label=3985473299&tab=music;ambient|cinematic|creepy music|dark ambient|drone|electronic|instrumental|Cincinnati
Ed Herbers;Passed Recordings;Insomnia (Single);Fervorvore;2;Insomnia (It Blooms at Night Remix);281;QZFZ22423845;518;2;2024-02-16T00:00:00;;https://herbers.bandcamp.com/album/insomnia-single?label=3985473299&tab=music;ambient|cinematic|creepy music|dark ambient|drone|electronic|instrumental|Cincinnati
Passed Recordings;Passed Recordings;Passed Love;Christian Schwöbel;1;Love is Awesome;251;QZTB92436800;9734;27;2024-02-14T00:00:00;;https://passedrecordings.bandcamp.com/album/passed-love;experimental|ambient|drone|noise|valentines|Uppsala
Passed Recordings;Passed Recordings;Passed Love;Asha Patera;2;Kynn;339;QZTB92436801;9734;27;2024-02-14T00:00:00;;https://passedrecordings.bandcamp.com/album/passed-love;experimental|ambient|drone|noise|valentines|Uppsala
Passed Recordings;Passed Recordings;Passed Love;Ed Herbers;3;First Date;199;QZTB92436802;9734;27;2024-02-14T00:00:00;;https://passedrecordings.bandcamp.com/album/passed-love;experimental|ambient|drone|noise|valentines|Uppsala
Passed Recordings;Passed Recordings;Passed Love;On Idyl;4;I Will Wait For You;421;QZTB92436803;9734;27;2024-02-14T00:00:00;;https://passedrecordings.bandcamp.com/album/passed-love;experimental|ambient|drone|noise|valentines|Uppsala
Passed Recordings;Passed Recordings;Passed Love;Mother Dessicant;5;The Girls With Neon Skin;369;QZTB92436804;9734;27;2024-02-14T00:00:00;;https://passedrecordings.bandcamp.com/album/passed-love;experimental|ambient|drone|noise|valentines|Uppsala
Passed Recordings;Passed Recordings;Passed Love;imagens;6;i hate you (we were never meant to be);375;GX8KD2488407;9734;27;2024-02-14T00:00:00;;https://passedrecordings.bandcamp.com/album/passed-love;experimental|ambient|drone|noise|valentines|Uppsala
Passed Recordings;Passed Recordings;Passed Love;Exit Chamber;7;Life Before This Was Just Dying;382;QZWFE2411118;9734;27;2024-02-14T00:00:00;;https://passedrecordings.bandcamp.com/album/passed-love;experimental|ambient|drone|noise|valentines|Uppsala
Passed Recordings;Passed Recordings;Passed Love;viiii;8;Unfelt;231;QZTB92436807;9734;27;2024-02-14T00:00:00;;https://passedrecordings.bandcamp.com/album/passed-love;experimental|ambient|drone|noise|valentines|Uppsala
Passed Recordings;Passed Recordings;Passed Love;G!GA LURGH;9;Unity of Being;421;QZTB92436808;9734;27;2024-02-14T00:00:00;;https://passedrecordings.bandcamp.com/album/passed-love;experimental|ambient|drone|noise|valentines|Uppsala
Passed Recordings;Passed Recordings;Passed Love;Marcus Y.;10;20230320;321;SE6XW2302347;9734;27;2024-02-14T00:00:00;;https://passedrecordings.bandcamp.com/album/passed-love;experimental|ambient|drone|noise|valentines|Uppsala
Passed Recordings;Passed Recordings;Passed Love;oeltahn bahn;11;A moment of grief, louder than any love;312;QZTB92436811;9734;27;2024-02-14T00:00:00;;https://passedrecordings.bandcamp.com/album/passed-love;experimental|ambient|drone|noise|valentines|Uppsala
Passed Recordings;Passed Recordings;Passed Love;Ozymandiaz;12;I died when u left me / I live when u kissed me;390;QZTB92436812;9734;27;2024-02-14T00:00:00;;https://passedrecordings.bandcamp.com/album/passed-love;experimental|ambient|drone|noise|valentines|Uppsala
Passed Recordings;Passed Recordings;Passed Love;Take Me There;13;What happens when people open their hearts?;245;QT3EY2402282;9734;27;2024-02-14T00:00:00;;https://passedrecordings.bandcamp.com/album/passed-love;experimental|ambient|drone|noise|valentines|Uppsala
Passed Recordings;Passed Recordings;Passed Love;Toluca Lake;14;It Was Worth It;337;QZTB92436814;9734;27;2024-02-14T00:00:00;;https://passedrecordings.bandcamp.com/album/passed-love;experimental|ambient|drone|noise|valentines|Uppsala
Passed Recordings;Passed Recordings;Passed Love;Sunset Phase;15;Connected Forever;170;QZTBA2416277;9734;27;2024-02-14T00:00:00;;https://passedrecordings.bandcamp.com/album/passed-love;experimental|ambient|drone|noise|valentines|Uppsala
Passed Recordings;Passed Recordings;Passed Love;Cavern Cult;16;Knu;268;QZTB92436816;9734;27;2024-02-14T00:00:00;;https://passedrecordings.bandcamp.com/album/passed-love;experimental|ambient|drone|noise|valentines|Uppsala
Passed Recordings;Passed Recordings;Passed Love;Laura Burton;17;Ama Letera;372;QZTB92436817;9734;27;2024-02-14T00:00:00;;https://passedrecordings.bandcamp.com/album/passed-love;experimental|ambient|drone|noise|valentines|Uppsala
Passed Recordings;Passed Recordings;Passed Love;OurFounder;18;Waiting For Something To Happen;222;QZTB92436818;9734;27;2024-02-14T00:00:00;;https://passedrecordings.bandcamp.com/album/passed-love;experimental|ambient|drone|noise|valentines|Uppsala
Passed Recordings;Passed Recordings;Passed Love;I felt it in my sleep;19;The static sound your heart makes;405;QZTB92436819;9734;27;2024-02-14T00:00:00;;https://passedrecordings.bandcamp.com/album/passed-love;experimental|ambient|drone|noise|valentines|Uppsala
Passed Recordings;Passed Recordings;Passed Love;Toys in the Static;20;Hemo Impluvium;472;QZTB92436820;9734;27;2024-02-14T00:00:00;;https://passedrecordings.bandcamp.com/album/passed-love;experimental|ambient|drone|noise|valentines|Uppsala
Passed Recordings;Passed Recordings;Passed Love;passengers;21;Something, Love (feat. UNP);291;;9734;27;2024-02-14T00:00:00;;https://passedrecordings.bandcamp.com/album/passed-love;experimental|ambient|drone|noise|valentines|Uppsala
Passed Recordings;Passed Recordings;Passed Love;Kakodaimonia;22;Valentines Day;494;QZTB92436822;9734;27;2024-02-14T00:00:00;;https://passedrecordings.bandcamp.com/album/passed-love;experimental|ambient|drone|noise|valentines|Uppsala
Passed Recordings;Passed Recordings;Passed Love;Pollyanna;23;A day it changes everything...;510;QZTB92436823;9734;27;2024-02-14T00:00:00;;https://passedrecordings.bandcamp.com/album/passed-love;experimental|ambient|drone|noise|valentines|Uppsala
Passed Recordings;Passed Recordings;Passed Love;Fervorvore;24;Stuck in the Blue;477;QZTB92436824;9734;27;2024-02-14T00:00:00;;https://passedrecordings.bandcamp.com/album/passed-love;experimental|ambient|drone|noise|valentines|Uppsala
Passed Recordings;Passed Recordings;Passed Love;Twilight Sleep;25;Convergence;589;QZTB92436825;9734;27;2024-02-14T00:00:00;;https://passedrecordings.bandcamp.com/album/passed-love;experimental|ambient|drone|noise|valentines|Uppsala
Passed Recordings;Passed Recordings;Passed Love;Unruly Disturbance & Exit Chamber;26;About You;660;QZTB92436826;9734;27;2024-02-14T00:00:00;;https://passedrecordings.bandcamp.com/album/passed-love;experimental|ambient|drone|noise|valentines|Uppsala
Passed Recordings;Passed Recordings;Passed Love;Pilot / Savant;27;For Shawna;211;QZTB92436827;9734;27;2024-02-14T00:00:00;;https://passedrecordings.bandcamp.com/album/passed-love;experimental|ambient|drone|noise|valentines|Uppsala
Take Me There;Passed Recordings;He loves her madly;Take Me There;1;He loves her madly;440;QZDA42403950;720;2;2024-02-02T00:00:00;;https://takemethere.bandcamp.com/album/he-loves-her-madly?label=3985473299&tab=music;ambient|ambient|dreamy|drone|keyboard|noise|shoegaze|solo piano|Sweden
Take Me There;Passed Recordings;He loves her madly;He loves her madly;2;short mix;280;;720;2;2024-02-02T00:00:00;;https://takemethere.bandcamp.com/album/he-loves-her-madly?label=3985473299&tab=music;ambient|ambient|dreamy|drone|keyboard|noise|shoegaze|solo piano|Sweden
Passed Recordings;Passed Recordings;The Passed Year - 2023;Christian Schwoebel;1;Grandiose Structures (Part 2) (from Retooled OST);158;;3479;12;2024-01-01T00:00:00;;https://passedrecordings.bandcamp.com/album/the-passed-year-2023;experimental|ambient|drone|Uppsala
Passed Recordings;Passed Recordings;The Passed Year - 2023;Tari Vega;2;Ten Thousand (from On Margins);237;;3479;12;2024-01-01T00:00:00;;https://passedrecordings.bandcamp.com/album/the-passed-year-2023;experimental|ambient|drone|Uppsala
Passed Recordings;Passed Recordings;The Passed Year - 2023;On Idyl;3;Tourmaline (from Memory Fen);302;;3479;12;2024-01-01T00:00:00;;https://passedrecordings.bandcamp.com/album/the-passed-year-2023;experimental|ambient|drone|Uppsala
Passed Recordings;Passed Recordings;The Passed Year - 2023;YAROSLAVA!;4;DISCORDIA (from YAROSLAVA!);143;;3479;12;2024-01-01T00:00:00;;https://passedrecordings.bandcamp.com/album/the-passed-year-2023;experimental|ambient|drone|Uppsala
Passed Recordings;Passed Recordings;The Passed Year - 2023;Ed Herbers;5;Sublimation (from Coming of Age);366;;3479;12;2024-01-01T00:00:00;;https://passedrecordings.bandcamp.com/album/the-passed-year-2023;experimental|ambient|drone|Uppsala
Passed Recordings;Passed Recordings;The Passed Year - 2023;Unruly Disturbance;6;Everything's Fine (from Melodic Drone);572;;3479;12;2024-01-01T00:00:00;;https://passedrecordings.bandcamp.com/album/the-passed-year-2023;experimental|ambient|drone|Uppsala
Passed Recordings;Passed Recordings;The Passed Year - 2023;Exit Chamber;7;First Experience of Vacuum (from Phased Returns);520;;3479;12;2024-01-01T00:00:00;;https://passedrecordings.bandcamp.com/album/the-passed-year-2023;experimental|ambient|drone|Uppsala
Passed Recordings;Passed Recordings;The Passed Year - 2023;Chris Hobbs;8;Pain Filtered Haze (from Passed Away);263;;3479;12;2024-01-01T00:00:00;;https://passedrecordings.bandcamp.com/album/the-passed-year-2023;experimental|ambient|drone|Uppsala
Passed Recordings;Passed Recordings;The Passed Year - 2023;G!GA LURGH;9;H4FF (from Ambient Groove Music);216;;3479;12;2024-01-01T00:00:00;;https://passedrecordings.bandcamp.com/album/the-passed-year-2023;experimental|ambient|drone|Uppsala
Passed Recordings;Passed Recordings;The Passed Year - 2023;passengers;10;Convince (from VI);145;;3479;12;2024-01-01T00:00:00;;https://passedrecordings.bandcamp.com/album/the-passed-year-2023;experimental|ambient|drone|Uppsala
Passed Recordings;Passed Recordings;The Passed Year - 2023;Take Me There;11;One day soon (from One Day Soon (Original Motion Picture Soundtrack));220;;3479;12;2024-01-01T00:00:00;;https://passedrecordings.bandcamp.com/album/the-passed-year-2023;experimental|ambient|drone|Uppsala
Passed Recordings;Passed Recordings;The Passed Year - 2023;Cavern Cult;12;Honestly (from In Waves);337;;3479;12;2024-01-01T00:00:00;;https://passedrecordings.bandcamp.com/album/the-passed-year-2023;experimental|ambient|drone|Uppsala
Ed Herbers;Passed Recordings;Promise & Peril (Single);Ed Herbers;1;Promise & Peril;265;QZWFM2381757;661;2;2024-01-01T00:00:00;;https://herbers.bandcamp.com/album/promise-peril-single?label=3985473299&tab=music;ambient|cinematic|dark ambient|drone|drone ambient|electronic|instrumental|Cincinnati
Ed Herbers;Passed Recordings;Promise & Peril (Single);Exit Chamber;2;Promise & Peril (Less Promise, More Peril Remix);396;QZWFM2381758;661;2;2024-01-01T00:00:00;;https://herbers.bandcamp.com/album/promise-peril-single?label=3985473299&tab=music;ambient|cinematic|dark ambient|drone|drone ambient|electronic|instrumental|Cincinnati
Exit Chamber;Passed Recordings;The Future Remains Unwritten;Exit Chamber;1;The Future Remains Unwritten;1280;QZFYX2467259;2528;2;2023-12-31T00:00:00;;https://exitchamber.bandcamp.com/album/the-future-remains-unwritten?label=3985473299&tab=music;ambient|atmospheric|electronic|eurorack|soundscapes|synthesizer|Edinburgh
Exit Chamber;Passed Recordings;The Future Remains Unwritten;Exit Chamber;2;As A Raindrop To The Ocean;1248;QZFYX2467260;2528;2;2023-12-31T00:00:00;;https://exitchamber.bandcamp.com/album/the-future-remains-unwritten?label=3985473299&tab=music;ambient|atmospheric|electronic|eurorack|soundscapes|synthesizer|Edinburgh
Cavern Cult;Passed Recordings;In Waves;Cavern Cult;1;Sepia;257;;1755;7;2023-12-17T00:00:00;;https://caverncult.bandcamp.com/album/in-waves?label=3985473299&tab=music;alternative|beats|cinematic music|dark|electronic|heavy|instrumental|melancholic|post rock instrumental|post-rock|Offenbach
Cavern Cult;Passed Recordings;In Waves;Cavern Cult;2;Lessons;175;;1755;7;2023-12-17T00:00:00;;https://caverncult.bandcamp.com/album/in-waves?label=3985473299&tab=music;alternative|beats|cinematic music|dark|electronic|heavy|instrumental|melancholic|post rock instrumental|post-rock|Offenbach
Cavern Cult;Passed Recordings;In Waves;Cavern Cult;3;Honestly;337;;1755;7;2023-12-17T00:00:00;;https://caverncult.bandcamp.com/album/in-waves?label=3985473299&tab=music;alternative|beats|cinematic music|dark|electronic|heavy|instrumental|melancholic|post rock instrumental|post-rock|Offenbach
Cavern Cult;Passed Recordings;In Waves;Cavern Cult;4;Deceptive Truths;178;;1755;7;2023-12-17T00:00:00;;https://caverncult.bandcamp.com/album/in-waves?label=3985473299&tab=music;alternative|beats|cinematic music|dark|electronic|heavy|instrumental|melancholic|post rock instrumental|post-rock|Offenbach
Cavern Cult;Passed Recordings;In Waves;Cavern Cult;5;Hardened;225;;1755;7;2023-12-17T00:00:00;;https://caverncult.bandcamp.com/album/in-waves?label=3985473299&tab=music;alternative|beats|cinematic music|dark|electronic|heavy|instrumental|melancholic|post rock instrumental|post-rock|Offenbach
Cavern Cult;Passed Recordings;In Waves;Cavern Cult;6;I See You;346;;1755;7;2023-12-17T00:00:00;;https://caverncult.bandcamp.com/album/in-waves?label=3985473299&tab=music;alternative|beats|cinematic music|dark|electronic|heavy|instrumental|melancholic|post rock instrumental|post-rock|Offenbach
Cavern Cult;Passed Recordings;In Waves;Cavern Cult;7;Futuristic Myths;237;;1755;7;2023-12-17T00:00:00;;https://caverncult.bandcamp.com/album/in-waves?label=3985473299&tab=music;alternative|beats|cinematic music|dark|electronic|heavy|instrumental|melancholic|post rock instrumental|post-rock|Offenbach
On Idyl;Passed Recordings;Vista Ladero;On Idyl;1;Pyracantha;491;QZNXN2302001;1911;4;2023-12-15T00:00:00;;https://onidyl.bandcamp.com/album/vista-ladero?label=3985473299&tab=music;alternative|diy|alternative rock|ambient|dark ambient|drone|electronic|post-rock|psychedelic|shoegaze|Bellingham
On Idyl;Passed Recordings;Vista Ladero;On Idyl;2;Nimbus;420;QZNXN2302002;1911;4;2023-12-15T00:00:00;;https://onidyl.bandcamp.com/album/vista-ladero?label=3985473299&tab=music;alternative|diy|alternative rock|ambient|dark ambient|drone|electronic|post-rock|psychedelic|shoegaze|Bellingham
On Idyl;Passed Recordings;Vista Ladero;On Idyl;3;Granada;682;QZNXN2302003;1911;4;2023-12-15T00:00:00;;https://onidyl.bandcamp.com/album/vista-ladero?label=3985473299&tab=music;alternative|diy|alternative rock|ambient|dark ambient|drone|electronic|post-rock|psychedelic|shoegaze|Bellingham
On Idyl;Passed Recordings;Vista Ladero;On Idyl;4;211;318;QZNXN2302004;1911;4;2023-12-15T00:00:00;;https://onidyl.bandcamp.com/album/vista-ladero?label=3985473299&tab=music;alternative|diy|alternative rock|ambient|dark ambient|drone|electronic|post-rock|psychedelic|shoegaze|Bellingham
Take Me There;Passed Recordings;One Day Soon (Original Motion Picture Soundtrack);Take Me There;1;All that was lost;170;QZTBD2345113;1113;4;2023-12-01T00:00:00;;https://takemethere.bandcamp.com/album/one-day-soon-original-motion-picture-soundtrack?label=3985473299&tab=music;ambient|electronic|soundtrack music|ambient|dreamy|drone|film music|noise|shoegaze|soundtrack|Sweden
Take Me There;Passed Recordings;One Day Soon (Original Motion Picture Soundtrack);Take Me There;2;One day soon;220;QZTBD2345114;1113;4;2023-12-01T00:00:00;;https://takemethere.bandcamp.com/album/one-day-soon-original-motion-picture-soundtrack?label=3985473299&tab=music;ambient|electronic|soundtrack music|ambient|dreamy|drone|film music|noise|shoegaze|soundtrack|Sweden
Take Me There;Passed Recordings;One Day Soon (Original Motion Picture Soundtrack);Take Me There;3;The dream of a lost world;169;QZTBD2345115;1113;4;2023-12-01T00:00:00;;https://takemethere.bandcamp.com/album/one-day-soon-original-motion-picture-soundtrack?label=3985473299&tab=music;ambient|electronic|soundtrack music|ambient|dreamy|drone|film music|noise|shoegaze|soundtrack|Sweden
Take Me There;Passed Recordings;One Day Soon (Original Motion Picture Soundtrack);Take Me There;4;One day soon (Full mix);554;QZTBD2345116;1113;4;2023-12-01T00:00:00;;https://takemethere.bandcamp.com/album/one-day-soon-original-motion-picture-soundtrack?label=3985473299&tab=music;ambient|electronic|soundtrack music|ambient|dreamy|drone|film music|noise|shoegaze|soundtrack|Sweden
passengers;Passed Recordings;VI;passengers;1;The Same Song, Over and Over Again.;180;QZWFG2340212;1049;5;2023-11-17T00:00:00;;https://passengers-mi.bandcamp.com/album/vi?label=3985473299&tab=music;ambient|dark ambient|drone|lo fi|noise|Warren
passengers;Passed Recordings;VI;passengers;2;I Won't Tell (feat. Box Dancer);222;;1049;5;2023-11-17T00:00:00;;https://passengers-mi.bandcamp.com/album/vi?label=3985473299&tab=music;ambient|dark ambient|drone|lo fi|noise|Warren
passengers;Passed Recordings;VI;passengers;3;Convince;148;QZWFG2340214;1049;5;2023-11-17T00:00:00;;https://passengers-mi.bandcamp.com/album/vi?label=3985473299&tab=music;ambient|dark ambient|drone|lo fi|noise|Warren
passengers;Passed Recordings;VI;passengers;4;Steel Gate (feat. YAROSLAVA!);109;;1049;5;2023-11-17T00:00:00;;https://passengers-mi.bandcamp.com/album/vi?label=3985473299&tab=music;ambient|dark ambient|drone|lo fi|noise|Warren
passengers;Passed Recordings;VI;passengers;5;I Hate This;390;QZWFG2340216;1049;5;2023-11-17T00:00:00;;https://passengers-mi.bandcamp.com/album/vi?label=3985473299&tab=music;ambient|dark ambient|drone|lo fi|noise|Warren
G!GA LURGH;Passed Recordings;Ambient Groove Music;G!GA LURGH;1;D3CK3RBUS;151;;966;7;2023-11-03T00:00:00;;https://gigalurgh.bandcamp.com/album/ambient-groove-music?label=3985473299&tab=music;electronic|ambient|downtempo|experimental|groove|idm|Offenbach
G!GA LURGH;Passed Recordings;Ambient Groove Music;G!GA LURGH;2;LAGØ;77;DEYX82129552;966;7;2023-11-03T00:00:00;;https://gigalurgh.bandcamp.com/album/ambient-groove-music?label=3985473299&tab=music;electronic|ambient|downtempo|experimental|groove|idm|Offenbach
G!GA LURGH;Passed Recordings;Ambient Groove Music;G!GA LURGH;3;LVXQR;194;;966;7;2023-11-03T00:00:00;;https://gigalurgh.bandcamp.com/album/ambient-groove-music?label=3985473299&tab=music;electronic|ambient|downtempo|experimental|groove|idm|Offenbach
G!GA LURGH;Passed Recordings;Ambient Groove Music;G!GA LURGH;4;ZYGMUNTH;163;DEYX82150183;966;7;2023-11-03T00:00:00;;https://gigalurgh.bandcamp.com/album/ambient-groove-music?label=3985473299&tab=music;electronic|ambient|downtempo|experimental|groove|idm|Offenbach
G!GA LURGH;Passed Recordings;Ambient Groove Music;G!GA LURGH;5;GRAINY DAYS;98;DEYX82173432;966;7;2023-11-03T00:00:00;;https://gigalurgh.bandcamp.com/album/ambient-groove-music?label=3985473299&tab=music;electronic|ambient|downtempo|experimental|groove|idm|Offenbach
G!GA LURGH;Passed Recordings;Ambient Groove Music;G!GA LURGH;6;H4FF;216;;966;7;2023-11-03T00:00:00;;https://gigalurgh.bandcamp.com/album/ambient-groove-music?label=3985473299&tab=music;electronic|ambient|downtempo|experimental|groove|idm|Offenbach
G!GA LURGH;Passed Recordings;Ambient Groove Music;G!GA LURGH;7;QUESTIONS;67;DEYX82173431;966;7;2023-11-03T00:00:00;;https://gigalurgh.bandcamp.com/album/ambient-groove-music?label=3985473299&tab=music;electronic|ambient|downtempo|experimental|groove|idm|Offenbach
Passed Recordings;Passed Recordings;Passed Away;Especially;1;Visit;182;QZNWX2435123;8417;24;2023-10-31T00:00:00;;https://passedrecordings.bandcamp.com/album/passed-away-2;electronic|ambient|compilation|dark ambient|drone|halloween|horror|scary|Uppsala
Passed Recordings;Passed Recordings;Passed Away;Cavern Cult;2;How Could She Forget;188;QZNWX2435124;8417;24;2023-10-31T00:00:00;;https://passedrecordings.bandcamp.com/album/passed-away-2;electronic|ambient|compilation|dark ambient|drone|halloween|horror|scary|Uppsala
Passed Recordings;Passed Recordings;Passed Away;Benjamin j Rosenbach;3;You Grew In Secret;213;QZNWX2435125;8417;24;2023-10-31T00:00:00;;https://passedrecordings.bandcamp.com/album/passed-away-2;electronic|ambient|compilation|dark ambient|drone|halloween|horror|scary|Uppsala
Passed Recordings;Passed Recordings;Passed Away;Sky Lore;4;The Haunting;216;QZNWX2435126;8417;24;2023-10-31T00:00:00;;https://passedrecordings.bandcamp.com/album/passed-away-2;electronic|ambient|compilation|dark ambient|drone|halloween|horror|scary|Uppsala
Passed Recordings;Passed Recordings;Passed Away;On Idyl;5;I Want To Do Bad Things;237;QZNWX2435127;8417;24;2023-10-31T00:00:00;;https://passedrecordings.bandcamp.com/album/passed-away-2;electronic|ambient|compilation|dark ambient|drone|halloween|horror|scary|Uppsala
Passed Recordings;Passed Recordings;Passed Away;Charles Keterson;6;Open Eye Beneath Unhallowed Bed;249;;8417;24;2023-10-31T00:00:00;;https://passedrecordings.bandcamp.com/album/passed-away-2;electronic|ambient|compilation|dark ambient|drone|halloween|horror|scary|Uppsala
Passed Recordings;Passed Recordings;Passed Away;Ed Herbers;7;No One Is Going To Save Us;258;QZWFW2515746;8417;24;2023-10-31T00:00:00;;https://passedrecordings.bandcamp.com/album/passed-away-2;electronic|ambient|compilation|dark ambient|drone|halloween|horror|scary|Uppsala
Passed Recordings;Passed Recordings;Passed Away;Chris Hobbs;8;Pain Filtered Haze;263;QZNWX2435130;8417;24;2023-10-31T00:00:00;;https://passedrecordings.bandcamp.com/album/passed-away-2;electronic|ambient|compilation|dark ambient|drone|halloween|horror|scary|Uppsala
Passed Recordings;Passed Recordings;Passed Away;Drifter;9;Interfere;266;QZNWX2435131;8417;24;2023-10-31T00:00:00;;https://passedrecordings.bandcamp.com/album/passed-away-2;electronic|ambient|compilation|dark ambient|drone|halloween|horror|scary|Uppsala
Passed Recordings;Passed Recordings;Passed Away;Toys in the Static;10;SK1.5.100;276;QZNWX2435132;8417;24;2023-10-31T00:00:00;;https://passedrecordings.bandcamp.com/album/passed-away-2;electronic|ambient|compilation|dark ambient|drone|halloween|horror|scary|Uppsala
Passed Recordings;Passed Recordings;Passed Away;Polyanna;11;Corpses Under The Television Light;284;QZNWX2435133;8417;24;2023-10-31T00:00:00;;https://passedrecordings.bandcamp.com/album/passed-away-2;electronic|ambient|compilation|dark ambient|drone|halloween|horror|scary|Uppsala
Passed Recordings;Passed Recordings;Passed Away;Exit Chamber;12;All Houses Are Haunted;286;QZWFE2411129;8417;24;2023-10-31T00:00:00;;https://passedrecordings.bandcamp.com/album/passed-away-2;electronic|ambient|compilation|dark ambient|drone|halloween|horror|scary|Uppsala
Passed Recordings;Passed Recordings;Passed Away;Take Me There;13;Let Me In;293;QT3EY2402283;8417;24;2023-10-31T00:00:00;;https://passedrecordings.bandcamp.com/album/passed-away-2;electronic|ambient|compilation|dark ambient|drone|halloween|horror|scary|Uppsala
Passed Recordings;Passed Recordings;Passed Away;imagens;14;Anesthesia Awareness;293;QZNWX2435136;8417;24;2023-10-31T00:00:00;;https://passedrecordings.bandcamp.com/album/passed-away-2;electronic|ambient|compilation|dark ambient|drone|halloween|horror|scary|Uppsala
Passed Recordings;Passed Recordings;Passed Away;G!GA LURGH;15;V4NTH;297;QZNWX2435137;8417;24;2023-10-31T00:00:00;;https://passedrecordings.bandcamp.com/album/passed-away-2;electronic|ambient|compilation|dark ambient|drone|halloween|horror|scary|Uppsala
Passed Recordings;Passed Recordings;Passed Away;Z://;16;EVP Decode;320;QZNWX2435138;8417;24;2023-10-31T00:00:00;;https://passedrecordings.bandcamp.com/album/passed-away-2;electronic|ambient|compilation|dark ambient|drone|halloween|horror|scary|Uppsala
Passed Recordings;Passed Recordings;Passed Away;Luminous Beings;17;Everyday is Halloween in Koopie Town;345;QZNWX2435139;8417;24;2023-10-31T00:00:00;;https://passedrecordings.bandcamp.com/album/passed-away-2;electronic|ambient|compilation|dark ambient|drone|halloween|horror|scary|Uppsala
Passed Recordings;Passed Recordings;Passed Away;Berulang Ulang;18;Seizure;348;QZNWX2435140;8417;24;2023-10-31T00:00:00;;https://passedrecordings.bandcamp.com/album/passed-away-2;electronic|ambient|compilation|dark ambient|drone|halloween|horror|scary|Uppsala
Passed Recordings;Passed Recordings;Passed Away;Morteza Jahangiri;19;Oscar's Costume;363;QZNWX2435142;8417;24;2023-10-31T00:00:00;;https://passedrecordings.bandcamp.com/album/passed-away-2;electronic|ambient|compilation|dark ambient|drone|halloween|horror|scary|Uppsala
Passed Recordings;Passed Recordings;Passed Away;passengers;20;Utter Failure / Unending Torment;363;QZNWX2435143;8417;24;2023-10-31T00:00:00;;https://passedrecordings.bandcamp.com/album/passed-away-2;electronic|ambient|compilation|dark ambient|drone|halloween|horror|scary|Uppsala
Passed Recordings;Passed Recordings;Passed Away;Ceben;21;The Hollow Hills;402;QZNWX2435145;8417;24;2023-10-31T00:00:00;;https://passedrecordings.bandcamp.com/album/passed-away-2;electronic|ambient|compilation|dark ambient|drone|halloween|horror|scary|Uppsala
Passed Recordings;Passed Recordings;Passed Away;i felt it in my sleep;22;The massive death of the forest;469;QZNWX2435147;8417;24;2023-10-31T00:00:00;;https://passedrecordings.bandcamp.com/album/passed-away-2;electronic|ambient|compilation|dark ambient|drone|halloween|horror|scary|Uppsala
Passed Recordings;Passed Recordings;Passed Away;Unruly Disturbance;23;They're Here (To Take Our Dogs);570;QZNWX2435148;8417;24;2023-10-31T00:00:00;;https://passedrecordings.bandcamp.com/album/passed-away-2;electronic|ambient|compilation|dark ambient|drone|halloween|horror|scary|Uppsala
Passed Recordings;Passed Recordings;Passed Away;Oeltahn Bahn;24;Lullaby for a deaf saint / severed by a gold chisel / chordaevitiation II;1436;QZNWX2435150;8417;24;2023-10-31T00:00:00;;https://passedrecordings.bandcamp.com/album/passed-away-2;electronic|ambient|compilation|dark ambient|drone|halloween|horror|scary|Uppsala
Asha Patera;Passed Recordings;Under the Stars of Fae;Asha Patera;1;All Life Is A Memory;296;QZTB92347347;3355;9;2023-10-19T00:00:00;;https://ashapatera.bandcamp.com/album/under-the-stars-of-fae?label=3985473299&tab=music;ambient|ambient|ambient electronic|chillout music|downtempo|drone ambient|electronica|hypnotic ambient|post-rock|relaxing music|United Kingdom
Asha Patera;Passed Recordings;Under the Stars of Fae;Asha Patera;2;The Car Park With You;204;QZTB92347348;3355;9;2023-10-19T00:00:00;;https://ashapatera.bandcamp.com/album/under-the-stars-of-fae?label=3985473299&tab=music;ambient|ambient|ambient electronic|chillout music|downtempo|drone ambient|electronica|hypnotic ambient|post-rock|relaxing music|United Kingdom
Asha Patera;Passed Recordings;Under the Stars of Fae;Asha Patera;3;Clockwise;497;QZTB92347349;3355;9;2023-10-19T00:00:00;;https://ashapatera.bandcamp.com/album/under-the-stars-of-fae?label=3985473299&tab=music;ambient|ambient|ambient electronic|chillout music|downtempo|drone ambient|electronica|hypnotic ambient|post-rock|relaxing music|United Kingdom
Asha Patera;Passed Recordings;Under the Stars of Fae;Asha Patera;4;Unite;231;QZTB92347350;3355;9;2023-10-19T00:00:00;;https://ashapatera.bandcamp.com/album/under-the-stars-of-fae?label=3985473299&tab=music;ambient|ambient|ambient electronic|chillout music|downtempo|drone ambient|electronica|hypnotic ambient|post-rock|relaxing music|United Kingdom
Asha Patera;Passed Recordings;Under the Stars of Fae;Asha Patera;5;End Of Stage 1;281;QZTB92347351;3355;9;2023-10-19T00:00:00;;https://ashapatera.bandcamp.com/album/under-the-stars-of-fae?label=3985473299&tab=music;ambient|ambient|ambient electronic|chillout music|downtempo|drone ambient|electronica|hypnotic ambient|post-rock|relaxing music|United Kingdom
Asha Patera;Passed Recordings;Under the Stars of Fae;Asha Patera;6;Out Fit;441;QZTB92347352;3355;9;2023-10-19T00:00:00;;https://ashapatera.bandcamp.com/album/under-the-stars-of-fae?label=3985473299&tab=music;ambient|ambient|ambient electronic|chillout music|downtempo|drone ambient|electronica|hypnotic ambient|post-rock|relaxing music|United Kingdom
Asha Patera;Passed Recordings;Under the Stars of Fae;Asha Patera;7;Anti Clockwise;252;QZTB92347353;3355;9;2023-10-19T00:00:00;;https://ashapatera.bandcamp.com/album/under-the-stars-of-fae?label=3985473299&tab=music;ambient|ambient|ambient electronic|chillout music|downtempo|drone ambient|electronica|hypnotic ambient|post-rock|relaxing music|United Kingdom
Asha Patera;Passed Recordings;Under the Stars of Fae;Asha Patera;8;The Next Best Thing To Being There;449;QZTB92347354;3355;9;2023-10-19T00:00:00;;https://ashapatera.bandcamp.com/album/under-the-stars-of-fae?label=3985473299&tab=music;ambient|ambient|ambient electronic|chillout music|downtempo|drone ambient|electronica|hypnotic ambient|post-rock|relaxing music|United Kingdom
Asha Patera;Passed Recordings;Under the Stars of Fae;Asha Patera;9;Giver Of Stars;704;QZTB92347355;3355;9;2023-10-19T00:00:00;;https://ashapatera.bandcamp.com/album/under-the-stars-of-fae?label=3985473299&tab=music;ambient|ambient|ambient electronic|chillout music|downtempo|drone ambient|electronica|hypnotic ambient|post-rock|relaxing music|United Kingdom
Exit Chamber;Passed Recordings;Phased Returns;Exit Chamber;1;Test Flight;412;QZTB42353296;2420;5;2023-10-06T00:00:00;;https://exitchamber.bandcamp.com/album/phased-returns?label=3985473299&tab=music;ambient|atmospheric|electronic|eurorack|soundscapes|synthesizer|Edinburgh
Exit Chamber;Passed Recordings;Phased Returns;Exit Chamber;2;First Experience of Vacuum;520;QZTB42353297;2420;5;2023-10-06T00:00:00;;https://exitchamber.bandcamp.com/album/phased-returns?label=3985473299&tab=music;ambient|atmospheric|electronic|eurorack|soundscapes|synthesizer|Edinburgh
Exit Chamber;Passed Recordings;Phased Returns;Exit Chamber;3;A Mote of Dust Suspended in a Sunbeam;415;QZTB42353298;2420;5;2023-10-06T00:00:00;;https://exitchamber.bandcamp.com/album/phased-returns?label=3985473299&tab=music;ambient|atmospheric|electronic|eurorack|soundscapes|synthesizer|Edinburgh
Exit Chamber;Passed Recordings;Phased Returns;Exit Chamber;4;It's Not Over, It's Just Different;569;QZTB42353299;2420;5;2023-10-06T00:00:00;;https://exitchamber.bandcamp.com/album/phased-returns?label=3985473299&tab=music;ambient|atmospheric|electronic|eurorack|soundscapes|synthesizer|Edinburgh
Exit Chamber;Passed Recordings;Phased Returns;Exit Chamber;5;120AU;504;QZTB42353300;2420;5;2023-10-06T00:00:00;;https://exitchamber.bandcamp.com/album/phased-returns?label=3985473299&tab=music;ambient|atmospheric|electronic|eurorack|soundscapes|synthesizer|Edinburgh
Unruly Disturbance;Passed Recordings;Melodic Drone;Unruly Disturbance;1;On This Sunny Sunday;315;QZPLR2366044;5658;16;2023-08-25T00:00:00;;https://unrulydisturbance.bandcamp.com/album/melodic-drone?label=3985473299&tab=music;ambient|drone|generative|melodic|soundscape|Manchester
Unruly Disturbance;Passed Recordings;Melodic Drone;Unruly Disturbance;2;The Slow Decay Of Something Beautiful;398;QZPLR2366045;5658;16;2023-08-25T00:00:00;;https://unrulydisturbance.bandcamp.com/album/melodic-drone?label=3985473299&tab=music;ambient|drone|generative|melodic|soundscape|Manchester
Unruly Disturbance;Passed Recordings;Melodic Drone;Unruly Disturbance;3;Everything's Fine;572;QZPLR2366046;5658;16;2023-08-25T00:00:00;;https://unrulydisturbance.bandcamp.com/album/melodic-drone?label=3985473299&tab=music;ambient|drone|generative|melodic|soundscape|Manchester
Unruly Disturbance;Passed Recordings;Melodic Drone;Unruly Disturbance;4;Until It Isn't;362;QZPLR2366047;5658;16;2023-08-25T00:00:00;;https://unrulydisturbance.bandcamp.com/album/melodic-drone?label=3985473299&tab=music;ambient|drone|generative|melodic|soundscape|Manchester
Unruly Disturbance;Passed Recordings;Melodic Drone;Unruly Disturbance;5;Alone In The Stark;240;QZPLR2366048;5658;16;2023-08-25T00:00:00;;https://unrulydisturbance.bandcamp.com/album/melodic-drone?label=3985473299&tab=music;ambient|drone|generative|melodic|soundscape|Manchester
Unruly Disturbance;Passed Recordings;Melodic Drone;Unruly Disturbance;6;An Improvisation In B;346;QZPLR2366049;5658;16;2023-08-25T00:00:00;;https://unrulydisturbance.bandcamp.com/album/melodic-drone?label=3985473299&tab=music;ambient|drone|generative|melodic|soundscape|Manchester
Unruly Disturbance;Passed Recordings;Melodic Drone;Unruly Disturbance;7;An Arrangement With No Orchestra;301;QZPLR2366050;5658;16;2023-08-25T00:00:00;;https://unrulydisturbance.bandcamp.com/album/melodic-drone?label=3985473299&tab=music;ambient|drone|generative|melodic|soundscape|Manchester
Unruly Disturbance;Passed Recordings;Melodic Drone;Unruly Disturbance;8;Extract From The Seaboard-Valhalla Tapes;262;QZPLR2366051;5658;16;2023-08-25T00:00:00;;https://unrulydisturbance.bandcamp.com/album/melodic-drone?label=3985473299&tab=music;ambient|drone|generative|melodic|soundscape|Manchester
Unruly Disturbance;Passed Recordings;Melodic Drone;Unruly Disturbance;9;Time For A Short Intermission;106;QZPLR2366052;5658;16;2023-08-25T00:00:00;;https://unrulydisturbance.bandcamp.com/album/melodic-drone?label=3985473299&tab=music;ambient|drone|generative|melodic|soundscape|Manchester
Unruly Disturbance;Passed Recordings;Melodic Drone;Unruly Disturbance;10;I Love My GR-1 (Side A);434;QZPLR2366053;5658;16;2023-08-25T00:00:00;;https://unrulydisturbance.bandcamp.com/album/melodic-drone?label=3985473299&tab=music;ambient|drone|generative|melodic|soundscape|Manchester
Unruly Disturbance;Passed Recordings;Melodic Drone;Unruly Disturbance;11;I Love My GR-1 (Side B);420;QZPLR2366054;5658;16;2023-08-25T00:00:00;;https://unrulydisturbance.bandcamp.com/album/melodic-drone?label=3985473299&tab=music;ambient|drone|generative|melodic|soundscape|Manchester
Unruly Disturbance;Passed Recordings;Melodic Drone;Unruly Disturbance;12;We've Reached The Third Act;272;QZPLR2366055;5658;16;2023-08-25T00:00:00;;https://unrulydisturbance.bandcamp.com/album/melodic-drone?label=3985473299&tab=music;ambient|drone|generative|melodic|soundscape|Manchester
Unruly Disturbance;Passed Recordings;Melodic Drone;Unruly Disturbance;13;Droning In F;420;QZPLR2366056;5658;16;2023-08-25T00:00:00;;https://unrulydisturbance.bandcamp.com/album/melodic-drone?label=3985473299&tab=music;ambient|drone|generative|melodic|soundscape|Manchester
Unruly Disturbance;Passed Recordings;Melodic Drone;Unruly Disturbance;14;Winging It To Cassette;478;QZPLR2366057;5658;16;2023-08-25T00:00:00;;https://unrulydisturbance.bandcamp.com/album/melodic-drone?label=3985473299&tab=music;ambient|drone|generative|melodic|soundscape|Manchester
Unruly Disturbance;Passed Recordings;Melodic Drone;Unruly Disturbance;15;One Take Recording In E;448;QZPLR2366058;5658;16;2023-08-25T00:00:00;;https://unrulydisturbance.bandcamp.com/album/melodic-drone?label=3985473299&tab=music;ambient|drone|generative|melodic|soundscape|Manchester
Unruly Disturbance;Passed Recordings;Melodic Drone;Unruly Disturbance;16;Another Ending (Homage To Brian);284;;5658;16;2023-08-25T00:00:00;;https://unrulydisturbance.bandcamp.com/album/melodic-drone?label=3985473299&tab=music;ambient|drone|generative|melodic|soundscape|Manchester
Ed Herbers;Passed Recordings;Coming of Age;Ed Herbers;1;Another Weekend Gone;268;QZMEN2363030;2375;10;2023-07-28T00:00:00;;https://herbers.bandcamp.com/album/coming-of-age?label=3985473299&tab=music;ambient|cinematic|electronic|instrumental|lo-fi|renoise|Cincinnati
Ed Herbers;Passed Recordings;Coming of Age;Ed Herbers;2;Up All Night;347;QZMEN2363031;2375;10;2023-07-28T00:00:00;;https://herbers.bandcamp.com/album/coming-of-age?label=3985473299&tab=music;ambient|cinematic|electronic|instrumental|lo-fi|renoise|Cincinnati
Ed Herbers;Passed Recordings;Coming of Age;Ed Herbers;3;The Universe in Your Pocket;236;QZMEN2363032;2375;10;2023-07-28T00:00:00;;https://herbers.bandcamp.com/album/coming-of-age?label=3985473299&tab=music;ambient|cinematic|electronic|instrumental|lo-fi|renoise|Cincinnati
Ed Herbers;Passed Recordings;Coming of Age;Ed Herbers;4;Rumination;165;QZMEN2363033;2375;10;2023-07-28T00:00:00;;https://herbers.bandcamp.com/album/coming-of-age?label=3985473299&tab=music;ambient|cinematic|electronic|instrumental|lo-fi|renoise|Cincinnati
Ed Herbers;Passed Recordings;Coming of Age;Ed Herbers;5;A Room of One's Own;177;QZMEN2363034;2375;10;2023-07-28T00:00:00;;https://herbers.bandcamp.com/album/coming-of-age?label=3985473299&tab=music;ambient|cinematic|electronic|instrumental|lo-fi|renoise|Cincinnati
Ed Herbers;Passed Recordings;Coming of Age;Ed Herbers;6;Sublimation;366;QZMEN2363035;2375;10;2023-07-28T00:00:00;;https://herbers.bandcamp.com/album/coming-of-age?label=3985473299&tab=music;ambient|cinematic|electronic|instrumental|lo-fi|renoise|Cincinnati
Ed Herbers;Passed Recordings;Coming of Age;Ed Herbers;7;Is This Loss?;185;QZMEN2363036;2375;10;2023-07-28T00:00:00;;https://herbers.bandcamp.com/album/coming-of-age?label=3985473299&tab=music;ambient|cinematic|electronic|instrumental|lo-fi|renoise|Cincinnati
Ed Herbers;Passed Recordings;Coming of Age;Ed Herbers;8;Nightwalk;188;QZMEN2363037;2375;10;2023-07-28T00:00:00;;https://herbers.bandcamp.com/album/coming-of-age?label=3985473299&tab=music;ambient|cinematic|electronic|instrumental|lo-fi|renoise|Cincinnati
Ed Herbers;Passed Recordings;Coming of Age;Ed Herbers;9;Liquid Sky;224;QZMEN2363038;2375;10;2023-07-28T00:00:00;;https://herbers.bandcamp.com/album/coming-of-age?label=3985473299&tab=music;ambient|cinematic|electronic|instrumental|lo-fi|renoise|Cincinnati
Ed Herbers;Passed Recordings;Coming of Age;Ed Herbers;10;Momentum;219;QZMEN2363039;2375;10;2023-07-28T00:00:00;;https://herbers.bandcamp.com/album/coming-of-age?label=3985473299&tab=music;ambient|cinematic|electronic|instrumental|lo-fi|renoise|Cincinnati
Asha Patera;Passed Recordings;Void;Asha Patera;1;Clone;171;QZK6K2360118;3034;11;2023-05-21T00:00:00;;https://ashapatera.bandcamp.com/album/void?label=3985473299&tab=music;ambient|dark drone ambient|ambient|ambient electronic|dark ambient|downtempo|drone|drone ambient|drone ambient experimental|electronica|post-rock|United Kingdom
Asha Patera;Passed Recordings;Void;Asha Patera;2;Derecho;207;QZK6K2360119;3034;11;2023-05-21T00:00:00;;https://ashapatera.bandcamp.com/album/void?label=3985473299&tab=music;ambient|dark drone ambient|ambient|ambient electronic|dark ambient|downtempo|drone|drone ambient|drone ambient experimental|electronica|post-rock|United Kingdom
Asha Patera;Passed Recordings;Void;Asha Patera;3;Proximity;284;QZK6K2360120;3034;11;2023-05-21T00:00:00;;https://ashapatera.bandcamp.com/album/void?label=3985473299&tab=music;ambient|dark drone ambient|ambient|ambient electronic|dark ambient|downtempo|drone|drone ambient|drone ambient experimental|electronica|post-rock|United Kingdom
Asha Patera;Passed Recordings;Void;Asha Patera;4;Huracan;253;QZK6K2360121;3034;11;2023-05-21T00:00:00;;https://ashapatera.bandcamp.com/album/void?label=3985473299&tab=music;ambient|dark drone ambient|ambient|ambient electronic|dark ambient|downtempo|drone|drone ambient|drone ambient experimental|electronica|post-rock|United Kingdom
Asha Patera;Passed Recordings;Void;Asha Patera;5;Asha;188;QZK6K2360122;3034;11;2023-05-21T00:00:00;;https://ashapatera.bandcamp.com/album/void?label=3985473299&tab=music;ambient|dark drone ambient|ambient|ambient electronic|dark ambient|downtempo|drone|drone ambient|drone ambient experimental|electronica|post-rock|United Kingdom
Asha Patera;Passed Recordings;Void;Asha Patera;6;Depth;240;QZK6K2360123;3034;11;2023-05-21T00:00:00;;https://ashapatera.bandcamp.com/album/void?label=3985473299&tab=music;ambient|dark drone ambient|ambient|ambient electronic|dark ambient|downtempo|drone|drone ambient|drone ambient experimental|electronica|post-rock|United Kingdom
Asha Patera;Passed Recordings;Void;Asha Patera;7;Copal;234;QZK6K2360124;3034;11;2023-05-21T00:00:00;;https://ashapatera.bandcamp.com/album/void?label=3985473299&tab=music;ambient|dark drone ambient|ambient|ambient electronic|dark ambient|downtempo|drone|drone ambient|drone ambient experimental|electronica|post-rock|United Kingdom
Asha Patera;Passed Recordings;Void;Asha Patera;8;Natur;252;QZK6K2360125;3034;11;2023-05-21T00:00:00;;https://ashapatera.bandcamp.com/album/void?label=3985473299&tab=music;ambient|dark drone ambient|ambient|ambient electronic|dark ambient|downtempo|drone|drone ambient|drone ambient experimental|electronica|post-rock|United Kingdom
Asha Patera;Passed Recordings;Void;Asha Patera;9;Salvarri;291;QZK6K2360126;3034;11;2023-05-21T00:00:00;;https://ashapatera.bandcamp.com/album/void?label=3985473299&tab=music;ambient|dark drone ambient|ambient|ambient electronic|dark ambient|downtempo|drone|drone ambient|drone ambient experimental|electronica|post-rock|United Kingdom
Asha Patera;Passed Recordings;Void;Asha Patera;10;Path;298;QZK6K2360127;3034;11;2023-05-21T00:00:00;;https://ashapatera.bandcamp.com/album/void?label=3985473299&tab=music;ambient|dark drone ambient|ambient|ambient electronic|dark ambient|downtempo|drone|drone ambient|drone ambient experimental|electronica|post-rock|United Kingdom
Asha Patera;Passed Recordings;Void;Asha Patera;11;Haahil;616;QZK6K2360128;3034;11;2023-05-21T00:00:00;;https://ashapatera.bandcamp.com/album/void?label=3985473299&tab=music;ambient|dark drone ambient|ambient|ambient electronic|dark ambient|downtempo|drone|drone ambient|drone ambient experimental|electronica|post-rock|United Kingdom
On Idyl;Passed Recordings;Memory Fen;On Idyl;1;Memory Fen;512;QZNXN2301001;1380;4;2023-05-19T00:00:00;;https://onidyl.bandcamp.com/album/memory-fen?label=3985473299&tab=music;alternative|alternative rock|ambient|darkambient|electronic|guitar|instrumental|post-rock|psychedelic|shoegaze|Bellingham
On Idyl;Passed Recordings;Memory Fen;On Idyl;2;Tourmaline;302;QZNXN2301002;1380;4;2023-05-19T00:00:00;;https://onidyl.bandcamp.com/album/memory-fen?label=3985473299&tab=music;alternative|alternative rock|ambient|darkambient|electronic|guitar|instrumental|post-rock|psychedelic|shoegaze|Bellingham
On Idyl;Passed Recordings;Memory Fen;On Idyl;3;Arezzo;273;QZNXN2301003;1380;4;2023-05-19T00:00:00;;https://onidyl.bandcamp.com/album/memory-fen?label=3985473299&tab=music;alternative|alternative rock|ambient|darkambient|electronic|guitar|instrumental|post-rock|psychedelic|shoegaze|Bellingham
On Idyl;Passed Recordings;Memory Fen;On Idyl;4;Sorrow;293;QZNXN2301004;1380;4;2023-05-19T00:00:00;;https://onidyl.bandcamp.com/album/memory-fen?label=3985473299&tab=music;alternative|alternative rock|ambient|darkambient|electronic|guitar|instrumental|post-rock|psychedelic|shoegaze|Bellingham
Passed Recordings;Passed Recordings;Monument;DECADE;1;Watering plants that never grow;170;SE6XY2338823;4039;15;2023-05-05T00:00:00;;https://passedrecordings.bandcamp.com/album/monument;experimental|ambient|dark ambient|glitch|sampling|Uppsala
Passed Recordings;Passed Recordings;Monument;SkyTwoHigh;2;Better Times;290;QZFZ22492114;4039;15;2023-05-05T00:00:00;;https://passedrecordings.bandcamp.com/album/monument;experimental|ambient|dark ambient|glitch|sampling|Uppsala
Passed Recordings;Passed Recordings;Monument;G!GA LURGH;3;L3NZ;269;QZFZ22492115;4039;15;2023-05-05T00:00:00;;https://passedrecordings.bandcamp.com/album/monument;experimental|ambient|dark ambient|glitch|sampling|Uppsala
Passed Recordings;Passed Recordings;Monument;Ed Herbers;4;Ambi(val)ent;211;QZFZ22492116;4039;15;2023-05-05T00:00:00;;https://passedrecordings.bandcamp.com/album/monument;experimental|ambient|dark ambient|glitch|sampling|Uppsala
Passed Recordings;Passed Recordings;Monument;R✫ven;5;Did You Ever Really Love Me;475;QZFZ22492117;4039;15;2023-05-05T00:00:00;;https://passedrecordings.bandcamp.com/album/monument;experimental|ambient|dark ambient|glitch|sampling|Uppsala
Passed Recordings;Passed Recordings;Monument;Sky lore;6;Dust And Guitars;191;QZFZ22492118;4039;15;2023-05-05T00:00:00;;https://passedrecordings.bandcamp.com/album/monument;experimental|ambient|dark ambient|glitch|sampling|Uppsala
Passed Recordings;Passed Recordings;Monument;My Favourite Blade Of Grass;7;A Song For Malenia;379;QZFZ22492119;4039;15;2023-05-05T00:00:00;;https://passedrecordings.bandcamp.com/album/monument;experimental|ambient|dark ambient|glitch|sampling|Uppsala
Passed Recordings;Passed Recordings;Monument;Blu Duvel;8;Hauntology;77;QZFZ22492120;4039;15;2023-05-05T00:00:00;;https://passedrecordings.bandcamp.com/album/monument;experimental|ambient|dark ambient|glitch|sampling|Uppsala
Passed Recordings;Passed Recordings;Monument;Imagens;9;The Beginning Of Something Beautiful;323;QZFZ22492121;4039;15;2023-05-05T00:00:00;;https://passedrecordings.bandcamp.com/album/monument;experimental|ambient|dark ambient|glitch|sampling|Uppsala
Passed Recordings;Passed Recordings;Monument;Toys in the Static;10;Malware (You've Got Mal);201;QZFZ22492122;4039;15;2023-05-05T00:00:00;;https://passedrecordings.bandcamp.com/album/monument;experimental|ambient|dark ambient|glitch|sampling|Uppsala
Passed Recordings;Passed Recordings;Monument;passengers;11;Chrono;220;QZFZ22492123;4039;15;2023-05-05T00:00:00;;https://passedrecordings.bandcamp.com/album/monument;experimental|ambient|dark ambient|glitch|sampling|Uppsala
Passed Recordings;Passed Recordings;Monument;viiii;12;Contraluz;417;QZFZ22492124;4039;15;2023-05-05T00:00:00;;https://passedrecordings.bandcamp.com/album/monument;experimental|ambient|dark ambient|glitch|sampling|Uppsala
Passed Recordings;Passed Recordings;Monument;Chris Hobbs;13;Victim;231;QZFZ22492125;4039;15;2023-05-05T00:00:00;;https://passedrecordings.bandcamp.com/album/monument;experimental|ambient|dark ambient|glitch|sampling|Uppsala
Passed Recordings;Passed Recordings;Monument;Shadow Copy;14;Mallobars;314;QZFZ22492126;4039;15;2023-05-05T00:00:00;;https://passedrecordings.bandcamp.com/album/monument;experimental|ambient|dark ambient|glitch|sampling|Uppsala
Passed Recordings;Passed Recordings;Monument;Exit Chamber;15;Mal Content;271;QZFZ22492127;4039;15;2023-05-05T00:00:00;;https://passedrecordings.bandcamp.com/album/monument;experimental|ambient|dark ambient|glitch|sampling|Uppsala
Tari Vega;Passed Recordings;On Margins;Tari Vega;1;Extend I;271;QZMEP2378841;2325;9;2023-03-07T00:00:00;;https://tarivega.bandcamp.com/album/on-margins?label=3985473299&tab=music;ambient|electronic|experimental|ambient|electronic|experimental|Santiago
Tari Vega;Passed Recordings;On Margins;Tari Vega;2;Sinus;192;QZMEP2378842;2325;9;2023-03-07T00:00:00;;https://tarivega.bandcamp.com/album/on-margins?label=3985473299&tab=music;ambient|electronic|experimental|ambient|electronic|experimental|Santiago
Tari Vega;Passed Recordings;On Margins;Tari Vega;3;Ten Thousand;237;QZMEP2378843;2325;9;2023-03-07T00:00:00;;https://tarivega.bandcamp.com/album/on-margins?label=3985473299&tab=music;ambient|electronic|experimental|ambient|electronic|experimental|Santiago
Tari Vega;Passed Recordings;On Margins;Tari Vega;4;Extend II;233;QZMEP2378844;2325;9;2023-03-07T00:00:00;;https://tarivega.bandcamp.com/album/on-margins?label=3985473299&tab=music;ambient|electronic|experimental|ambient|electronic|experimental|Santiago
Tari Vega;Passed Recordings;On Margins;Tari Vega;5;On Margins;172;QZMEP2378845;2325;9;2023-03-07T00:00:00;;https://tarivega.bandcamp.com/album/on-margins?label=3985473299&tab=music;ambient|electronic|experimental|ambient|electronic|experimental|Santiago
Tari Vega;Passed Recordings;On Margins;Tari Vega;6;LI;261;QZMEP2378846;2325;9;2023-03-07T00:00:00;;https://tarivega.bandcamp.com/album/on-margins?label=3985473299&tab=music;ambient|electronic|experimental|ambient|electronic|experimental|Santiago
Tari Vega;Passed Recordings;On Margins;Tari Vega;7;Out on Sand;615;QZMEP2378847;2325;9;2023-03-07T00:00:00;;https://tarivega.bandcamp.com/album/on-margins?label=3985473299&tab=music;ambient|electronic|experimental|ambient|electronic|experimental|Santiago
Tari Vega;Passed Recordings;On Margins;Tari Vega;8;Gross Interlude;67;QZMEP2378848;2325;9;2023-03-07T00:00:00;;https://tarivega.bandcamp.com/album/on-margins?label=3985473299&tab=music;ambient|electronic|experimental|ambient|electronic|experimental|Santiago
Tari Vega;Passed Recordings;On Margins;Tari Vega;9;Hexagonal;277;QZMEP2378849;2325;9;2023-03-07T00:00:00;;https://tarivega.bandcamp.com/album/on-margins?label=3985473299&tab=music;ambient|electronic|experimental|ambient|electronic|experimental|Santiago
Ed Herbers;Passed Recordings;Overheard;Ed Herbers;1;Shifting Colors;268;QZFZ72349269;2193;8;2023-03-03T00:00:00;;https://herbers.bandcamp.com/album/overheard?label=3985473299&tab=music;ambient|atmospheric|cinematic|dark ambient|electronic|instrumental|soundtrack|Cincinnati
Ed Herbers;Passed Recordings;Overheard;Ed Herbers;2;Desert Ruins;438;QZFZ72349270;2193;8;2023-03-03T00:00:00;;https://herbers.bandcamp.com/album/overheard?label=3985473299&tab=music;ambient|atmospheric|cinematic|dark ambient|electronic|instrumental|soundtrack|Cincinnati
Ed Herbers;Passed Recordings;Overheard;Ed Herbers;3;Lost Cause;211;QZFZ72349271;2193;8;2023-03-03T00:00:00;;https://herbers.bandcamp.com/album/overheard?label=3985473299&tab=music;ambient|atmospheric|cinematic|dark ambient|electronic|instrumental|soundtrack|Cincinnati
Ed Herbers;Passed Recordings;Overheard;Ed Herbers;4;Long Shadows;225;QZFZ72349272;2193;8;2023-03-03T00:00:00;;https://herbers.bandcamp.com/album/overheard?label=3985473299&tab=music;ambient|atmospheric|cinematic|dark ambient|electronic|instrumental|soundtrack|Cincinnati
Ed Herbers;Passed Recordings;Overheard;Ed Herbers;5;Unrelenting;204;QZFZ72349273;2193;8;2023-03-03T00:00:00;;https://herbers.bandcamp.com/album/overheard?label=3985473299&tab=music;ambient|atmospheric|cinematic|dark ambient|electronic|instrumental|soundtrack|Cincinnati
Ed Herbers;Passed Recordings;Overheard;Ed Herbers;6;Ghost Town;384;QZFZ72349274;2193;8;2023-03-03T00:00:00;;https://herbers.bandcamp.com/album/overheard?label=3985473299&tab=music;ambient|atmospheric|cinematic|dark ambient|electronic|instrumental|soundtrack|Cincinnati
Ed Herbers;Passed Recordings;Overheard;Ed Herbers;7;Summit;298;QZFZ72349275;2193;8;2023-03-03T00:00:00;;https://herbers.bandcamp.com/album/overheard?label=3985473299&tab=music;ambient|atmospheric|cinematic|dark ambient|electronic|instrumental|soundtrack|Cincinnati
Ed Herbers;Passed Recordings;Overheard;Ed Herbers;8;Waiting Room;165;QZFZ72349276;2193;8;2023-03-03T00:00:00;;https://herbers.bandcamp.com/album/overheard?label=3985473299&tab=music;ambient|atmospheric|cinematic|dark ambient|electronic|instrumental|soundtrack|Cincinnati
Asha Patera;Passed Recordings;Ianuarius;Asha Patera;1;Ian, You Are Us;570;QZFZ62387778;3740;10;2023-01-28T00:00:00;;https://ashapatera.bandcamp.com/album/ianuarius?label=3985473299&tab=music;ambient|dark drone ambient|drone|experimental|ambient|ambient electronic|downtempo|electronica|post-rock|United Kingdom
Asha Patera;Passed Recordings;Ianuarius;Asha Patera;2;Just One More Thing;403;QZFZ62387779;3740;10;2023-01-28T00:00:00;;https://ashapatera.bandcamp.com/album/ianuarius?label=3985473299&tab=music;ambient|dark drone ambient|drone|experimental|ambient|ambient electronic|downtempo|electronica|post-rock|United Kingdom
Asha Patera;Passed Recordings;Ianuarius;Asha Patera;3;The Golden Eyes Of Prye;326;QZFZ62387780;3740;10;2023-01-28T00:00:00;;https://ashapatera.bandcamp.com/album/ianuarius?label=3985473299&tab=music;ambient|dark drone ambient|drone|experimental|ambient|ambient electronic|downtempo|electronica|post-rock|United Kingdom
Asha Patera;Passed Recordings;Ianuarius;Asha Patera;4;No One;198;QZFZ62387781;3740;10;2023-01-28T00:00:00;;https://ashapatera.bandcamp.com/album/ianuarius?label=3985473299&tab=music;ambient|dark drone ambient|drone|experimental|ambient|ambient electronic|downtempo|electronica|post-rock|United Kingdom
Asha Patera;Passed Recordings;Ianuarius;Asha Patera;5;The Brother Of Sleep;364;QZFZ62387782;3740;10;2023-01-28T00:00:00;;https://ashapatera.bandcamp.com/album/ianuarius?label=3985473299&tab=music;ambient|dark drone ambient|drone|experimental|ambient|ambient electronic|downtempo|electronica|post-rock|United Kingdom
Asha Patera;Passed Recordings;Ianuarius;Asha Patera;6;Instant Outlaw;519;QZFZ62387783;3740;10;2023-01-28T00:00:00;;https://ashapatera.bandcamp.com/album/ianuarius?label=3985473299&tab=music;ambient|dark drone ambient|drone|experimental|ambient|ambient electronic|downtempo|electronica|post-rock|United Kingdom
Asha Patera;Passed Recordings;Ianuarius;Asha Patera;7;Second Night Alone;310;QZFZ62387784;3740;10;2023-01-28T00:00:00;;https://ashapatera.bandcamp.com/album/ianuarius?label=3985473299&tab=music;ambient|dark drone ambient|drone|experimental|ambient|ambient electronic|downtempo|electronica|post-rock|United Kingdom
Asha Patera;Passed Recordings;Ianuarius;Asha Patera;8;25;170;QZFZ62387785;3740;10;2023-01-28T00:00:00;;https://ashapatera.bandcamp.com/album/ianuarius?label=3985473299&tab=music;ambient|dark drone ambient|drone|experimental|ambient|ambient electronic|downtempo|electronica|post-rock|United Kingdom
Asha Patera;Passed Recordings;Ianuarius;Asha Patera;9;Metropolitan Area;513;QZFZ62387786;3740;10;2023-01-28T00:00:00;;https://ashapatera.bandcamp.com/album/ianuarius?label=3985473299&tab=music;ambient|dark drone ambient|drone|experimental|ambient|ambient electronic|downtempo|electronica|post-rock|United Kingdom
Asha Patera;Passed Recordings;Ianuarius;Asha Patera;10;The Road, The Journey;367;QZFZ62387787;3740;10;2023-01-28T00:00:00;;https://ashapatera.bandcamp.com/album/ianuarius?label=3985473299&tab=music;ambient|dark drone ambient|drone|experimental|ambient|ambient electronic|downtempo|electronica|post-rock|United Kingdom
Christian Schwöbel;Passed Recordings;Retooled OST;Christian Schwöbel;1;The Signal That Started It All;264;QZFZ32376659;2184;7;2023-01-27T00:00:00;;https://christianschwoebel.bandcamp.com/album/retooled-ost?label=3985473299&tab=music;ambient|idm|cinematic|dark ambient|drone|game music|game soundtrack|instrumental|samples|Berlin
Christian Schwöbel;Passed Recordings;Retooled OST;Christian Schwöbel;2;Learning About the Chips and the Wires, Pt. 1;408;QZFZ32376660;2184;7;2023-01-27T00:00:00;;https://christianschwoebel.bandcamp.com/album/retooled-ost?label=3985473299&tab=music;ambient|idm|cinematic|dark ambient|drone|game music|game soundtrack|instrumental|samples|Berlin
Christian Schwöbel;Passed Recordings;Retooled OST;Christian Schwöbel;3;Learning About the Chips and the Wires, Pt. 2;192;QZFZ32376661;2184;7;2023-01-27T00:00:00;;https://christianschwoebel.bandcamp.com/album/retooled-ost?label=3985473299&tab=music;ambient|idm|cinematic|dark ambient|drone|game music|game soundtrack|instrumental|samples|Berlin
Christian Schwöbel;Passed Recordings;Retooled OST;Christian Schwöbel;4;Grandiose Structures, Pt. 1;345;QZFZ32376662;2184;7;2023-01-27T00:00:00;;https://christianschwoebel.bandcamp.com/album/retooled-ost?label=3985473299&tab=music;ambient|idm|cinematic|dark ambient|drone|game music|game soundtrack|instrumental|samples|Berlin
Christian Schwöbel;Passed Recordings;Retooled OST;Christian Schwöbel;5;Grandiose Structures, Pt. 2;158;QZFZ32376663;2184;7;2023-01-27T00:00:00;;https://christianschwoebel.bandcamp.com/album/retooled-ost?label=3985473299&tab=music;ambient|idm|cinematic|dark ambient|drone|game music|game soundtrack|instrumental|samples|Berlin
Christian Schwöbel;Passed Recordings;Retooled OST;Christian Schwöbel;6;Sad Robots...;432;QZFZ32376664;2184;7;2023-01-27T00:00:00;;https://christianschwoebel.bandcamp.com/album/retooled-ost?label=3985473299&tab=music;ambient|idm|cinematic|dark ambient|drone|game music|game soundtrack|instrumental|samples|Berlin
Christian Schwöbel;Passed Recordings;Retooled OST;Christian Schwöbel;7;...on the Loose;385;QZFZ32376665;2184;7;2023-01-27T00:00:00;;https://christianschwoebel.bandcamp.com/album/retooled-ost?label=3985473299&tab=music;ambient|idm|cinematic|dark ambient|drone|game music|game soundtrack|instrumental|samples|Berlin
Tari Vega;Passed Recordings;Reconsideration;Tari Vega;1;Alabaster I;249;QZMEP2378856;2169;8;2022-12-26T00:00:00;;https://tarivega.bandcamp.com/album/reconsideration?label=3985473299&tab=music;ambient|electronic|experimental|ambient|Santiago
Tari Vega;Passed Recordings;Reconsideration;Tari Vega;2;Alabaster II;240;QZMEP2378857;2169;8;2022-12-26T00:00:00;;https://tarivega.bandcamp.com/album/reconsideration?label=3985473299&tab=music;ambient|electronic|experimental|ambient|Santiago
Tari Vega;Passed Recordings;Reconsideration;Tari Vega;3;Less Closure;295;QZMEP2378858;2169;8;2022-12-26T00:00:00;;https://tarivega.bandcamp.com/album/reconsideration?label=3985473299&tab=music;ambient|electronic|experimental|ambient|Santiago
Tari Vega;Passed Recordings;Reconsideration;Tari Vega;4;For Closure I;216;QZMEP2378859;2169;8;2022-12-26T00:00:00;;https://tarivega.bandcamp.com/album/reconsideration?label=3985473299&tab=music;ambient|electronic|experimental|ambient|Santiago
Tari Vega;Passed Recordings;Reconsideration;Tari Vega;5;For Closure II;133;QZMEP2378860;2169;8;2022-12-26T00:00:00;;https://tarivega.bandcamp.com/album/reconsideration?label=3985473299&tab=music;ambient|electronic|experimental|ambient|Santiago
Tari Vega;Passed Recordings;Reconsideration;Tari Vega;6;Dien;237;QZMEP2378861;2169;8;2022-12-26T00:00:00;;https://tarivega.bandcamp.com/album/reconsideration?label=3985473299&tab=music;ambient|electronic|experimental|ambient|Santiago
Tari Vega;Passed Recordings;Reconsideration;Tari Vega;7;Reconsideration;494;QZMEP2378862;2169;8;2022-12-26T00:00:00;;https://tarivega.bandcamp.com/album/reconsideration?label=3985473299&tab=music;ambient|electronic|experimental|ambient|Santiago
Tari Vega;Passed Recordings;Reconsideration;Tari Vega;8;Slightly;305;QZMEP2378863;2169;8;2022-12-26T00:00:00;;https://tarivega.bandcamp.com/album/reconsideration?label=3985473299&tab=music;ambient|electronic|experimental|ambient|Santiago
Passed Recordings;Passed Recordings;Christmas Passed;Take Me There;1;The Ghost Of Santa;258;QT3EY2402284;3142;10;2022-12-21T00:00:00;;https://passedrecordings.bandcamp.com/album/christmas-passed;experimental|ambient|christmas|christmas music|field recordings|Uppsala
Passed Recordings;Passed Recordings;Christmas Passed;Christian Schwöbel;2;The Ding Dong Curse;373;QZK6P2393146;3142;10;2022-12-21T00:00:00;;https://passedrecordings.bandcamp.com/album/christmas-passed;experimental|ambient|christmas|christmas music|field recordings|Uppsala
Passed Recordings;Passed Recordings;Christmas Passed;Twilight Sleep;3;Ice Sheets;182;;3142;10;2022-12-21T00:00:00;;https://passedrecordings.bandcamp.com/album/christmas-passed;experimental|ambient|christmas|christmas music|field recordings|Uppsala
Passed Recordings;Passed Recordings;Christmas Passed;Sky Lore;4;Marleys Ghost;276;QZK6P2393148;3142;10;2022-12-21T00:00:00;;https://passedrecordings.bandcamp.com/album/christmas-passed;experimental|ambient|christmas|christmas music|field recordings|Uppsala
Passed Recordings;Passed Recordings;Christmas Passed;Ben Bork;5;The Return;154;QZK6P2393149;3142;10;2022-12-21T00:00:00;;https://passedrecordings.bandcamp.com/album/christmas-passed;experimental|ambient|christmas|christmas music|field recordings|Uppsala
Passed Recordings;Passed Recordings;Christmas Passed;Toys In The Static;6;The Airing of Grievances;385;QZK6P2393150;3142;10;2022-12-21T00:00:00;;https://passedrecordings.bandcamp.com/album/christmas-passed;experimental|ambient|christmas|christmas music|field recordings|Uppsala
Passed Recordings;Passed Recordings;Christmas Passed;G!GA LURGH;7;K2co3;296;QZK6P2393151;3142;10;2022-12-21T00:00:00;;https://passedrecordings.bandcamp.com/album/christmas-passed;experimental|ambient|christmas|christmas music|field recordings|Uppsala
Passed Recordings;Passed Recordings;Christmas Passed;Few Genes;8;NA Light;451;QZK6P2393152;3142;10;2022-12-21T00:00:00;;https://passedrecordings.bandcamp.com/album/christmas-passed;experimental|ambient|christmas|christmas music|field recordings|Uppsala
Passed Recordings;Passed Recordings;Christmas Passed;Exit Chamber;9;Disassociating Again;419;QZWFE2411126;3142;10;2022-12-21T00:00:00;;https://passedrecordings.bandcamp.com/album/christmas-passed;experimental|ambient|christmas|christmas music|field recordings|Uppsala
Passed Recordings;Passed Recordings;Christmas Passed;Chris Hobbs;10;A Way;348;GXD7V2642527;3142;10;2022-12-21T00:00:00;;https://passedrecordings.bandcamp.com/album/christmas-passed;experimental|ambient|christmas|christmas music|field recordings|Uppsala
Ed Herbers;Passed Recordings;GO OUTSIDE;Ed Herbers;1;Morning Hike;245;QZTAX2207427;2099;10;2022-11-04T00:00:00;;https://herbers.bandcamp.com/album/go-outside?label=3985473299&tab=music;ambient|accordion|acoustic|autumn|camping|cinematic|electronic|fall music|instrumental|outdoor|Cincinnati
Ed Herbers;Passed Recordings;GO OUTSIDE;Ed Herbers;2;Creekside;192;QZTAX2207428;2099;10;2022-11-04T00:00:00;;https://herbers.bandcamp.com/album/go-outside?label=3985473299&tab=music;ambient|accordion|acoustic|autumn|camping|cinematic|electronic|fall music|instrumental|outdoor|Cincinnati
Ed Herbers;Passed Recordings;GO OUTSIDE;Ed Herbers;3;On the Trail;134;QZTAX2207429;2099;10;2022-11-04T00:00:00;;https://herbers.bandcamp.com/album/go-outside?label=3985473299&tab=music;ambient|accordion|acoustic|autumn|camping|cinematic|electronic|fall music|instrumental|outdoor|Cincinnati
Ed Herbers;Passed Recordings;GO OUTSIDE;Ed Herbers;4;Mountain Lion River Ranger Camping Club;166;QZTAX2207430;2099;10;2022-11-04T00:00:00;;https://herbers.bandcamp.com/album/go-outside?label=3985473299&tab=music;ambient|accordion|acoustic|autumn|camping|cinematic|electronic|fall music|instrumental|outdoor|Cincinnati
Ed Herbers;Passed Recordings;GO OUTSIDE;Ed Herbers;5;A Day at the Lake;201;QZTAX2207431;2099;10;2022-11-04T00:00:00;;https://herbers.bandcamp.com/album/go-outside?label=3985473299&tab=music;ambient|accordion|acoustic|autumn|camping|cinematic|electronic|fall music|instrumental|outdoor|Cincinnati
Ed Herbers;Passed Recordings;GO OUTSIDE;Ed Herbers;6;One Way Trip (Instrumental);261;QZTAX2207432;2099;10;2022-11-04T00:00:00;;https://herbers.bandcamp.com/album/go-outside?label=3985473299&tab=music;ambient|accordion|acoustic|autumn|camping|cinematic|electronic|fall music|instrumental|outdoor|Cincinnati
Ed Herbers;Passed Recordings;GO OUTSIDE;Ed Herbers;7;Blue Skies;257;QZTAX2207433;2099;10;2022-11-04T00:00:00;;https://herbers.bandcamp.com/album/go-outside?label=3985473299&tab=music;ambient|accordion|acoustic|autumn|camping|cinematic|electronic|fall music|instrumental|outdoor|Cincinnati
Ed Herbers;Passed Recordings;GO OUTSIDE;Ed Herbers;8;Late Afternoon;137;QZTAX2207434;2099;10;2022-11-04T00:00:00;;https://herbers.bandcamp.com/album/go-outside?label=3985473299&tab=music;ambient|accordion|acoustic|autumn|camping|cinematic|electronic|fall music|instrumental|outdoor|Cincinnati
Ed Herbers;Passed Recordings;GO OUTSIDE;Ed Herbers;9;Campfire Time;218;QZTAX2207435;2099;10;2022-11-04T00:00:00;;https://herbers.bandcamp.com/album/go-outside?label=3985473299&tab=music;ambient|accordion|acoustic|autumn|camping|cinematic|electronic|fall music|instrumental|outdoor|Cincinnati
Ed Herbers;Passed Recordings;GO OUTSIDE;Ed Herbers;10;Stargazing;288;QZTAX2207436;2099;10;2022-11-04T00:00:00;;https://herbers.bandcamp.com/album/go-outside?label=3985473299&tab=music;ambient|accordion|acoustic|autumn|camping|cinematic|electronic|fall music|instrumental|outdoor|Cincinnati
Asha Patera;Passed Recordings;These Trees;Asha Patera;1;Beater;268;QZTB72299881;3839;10;2022-09-17T00:00:00;;https://ashapatera.bandcamp.com/album/these-trees?label=3985473299&tab=music;ambient|ambient|ambient electronic|downtempo|electronica|post-rock|United Kingdom
Asha Patera;Passed Recordings;These Trees;Asha Patera;2;Light;256;QZTB72299882;3839;10;2022-09-17T00:00:00;;https://ashapatera.bandcamp.com/album/these-trees?label=3985473299&tab=music;ambient|ambient|ambient electronic|downtempo|electronica|post-rock|United Kingdom
Asha Patera;Passed Recordings;These Trees;Asha Patera;3;To The Understanding;470;QZTB72299883;3839;10;2022-09-17T00:00:00;;https://ashapatera.bandcamp.com/album/these-trees?label=3985473299&tab=music;ambient|ambient|ambient electronic|downtempo|electronica|post-rock|United Kingdom
Asha Patera;Passed Recordings;These Trees;Asha Patera;4;Going Out;298;QZTB72299884;3839;10;2022-09-17T00:00:00;;https://ashapatera.bandcamp.com/album/these-trees?label=3985473299&tab=music;ambient|ambient|ambient electronic|downtempo|electronica|post-rock|United Kingdom
Asha Patera;Passed Recordings;These Trees;Asha Patera;5;Clusters In The Zone Of Avoidance;517;QZTB72299885;3839;10;2022-09-17T00:00:00;;https://ashapatera.bandcamp.com/album/these-trees?label=3985473299&tab=music;ambient|ambient|ambient electronic|downtempo|electronica|post-rock|United Kingdom
Asha Patera;Passed Recordings;These Trees;Asha Patera;6;Unnatural Stillness;540;QZTB72299886;3839;10;2022-09-17T00:00:00;;https://ashapatera.bandcamp.com/album/these-trees?label=3985473299&tab=music;ambient|ambient|ambient electronic|downtempo|electronica|post-rock|United Kingdom
Asha Patera;Passed Recordings;These Trees;Asha Patera;7;Cyanide;214;QZTB72299887;3839;10;2022-09-17T00:00:00;;https://ashapatera.bandcamp.com/album/these-trees?label=3985473299&tab=music;ambient|ambient|ambient electronic|downtempo|electronica|post-rock|United Kingdom
Asha Patera;Passed Recordings;These Trees;Asha Patera;8;Insides;500;QZTB72299888;3839;10;2022-09-17T00:00:00;;https://ashapatera.bandcamp.com/album/these-trees?label=3985473299&tab=music;ambient|ambient|ambient electronic|downtempo|electronica|post-rock|United Kingdom
Asha Patera;Passed Recordings;These Trees;Asha Patera;9;Perhaps Priscilla Has Innocent Ears;360;QZTB72299889;3839;10;2022-09-17T00:00:00;;https://ashapatera.bandcamp.com/album/these-trees?label=3985473299&tab=music;ambient|ambient|ambient electronic|downtempo|electronica|post-rock|United Kingdom
Asha Patera;Passed Recordings;These Trees;Asha Patera;10;Road Of The Brushwood;416;QZTB72299890;3839;10;2022-09-17T00:00:00;;https://ashapatera.bandcamp.com/album/these-trees?label=3985473299&tab=music;ambient|ambient|ambient electronic|downtempo|electronica|post-rock|United Kingdom
Exit Chamber;Passed Recordings;Deep Stasis;Exit Chamber;1;Deep Stasis;405;QZTAU2330450;2460;6;2022-08-26T00:00:00;;https://exitchamber.bandcamp.com/album/deep-stasis?label=3985473299&tab=music;ambient|atmospheric|drone|electronic|eurorack|soundscapes|synthesizer|Edinburgh
Exit Chamber;Passed Recordings;Deep Stasis;Exit Chamber;2;A Little More Innocence;394;QZNWR2297986;2460;6;2022-08-26T00:00:00;;https://exitchamber.bandcamp.com/album/deep-stasis?label=3985473299&tab=music;ambient|atmospheric|drone|electronic|eurorack|soundscapes|synthesizer|Edinburgh
Exit Chamber;Passed Recordings;Deep Stasis;Exit Chamber;3;Containment Breach;536;QZNWR2297987;2460;6;2022-08-26T00:00:00;;https://exitchamber.bandcamp.com/album/deep-stasis?label=3985473299&tab=music;ambient|atmospheric|drone|electronic|eurorack|soundscapes|synthesizer|Edinburgh
Exit Chamber;Passed Recordings;Deep Stasis;Exit Chamber;4;Heliopause;264;QZNWR2297988;2460;6;2022-08-26T00:00:00;;https://exitchamber.bandcamp.com/album/deep-stasis?label=3985473299&tab=music;ambient|atmospheric|drone|electronic|eurorack|soundscapes|synthesizer|Edinburgh
Exit Chamber;Passed Recordings;Deep Stasis;Exit Chamber;5;Post-Biological;427;QZNWR2297989;2460;6;2022-08-26T00:00:00;;https://exitchamber.bandcamp.com/album/deep-stasis?label=3985473299&tab=music;ambient|atmospheric|drone|electronic|eurorack|soundscapes|synthesizer|Edinburgh
Exit Chamber;Passed Recordings;Deep Stasis;Exit Chamber;6;Here, in the Struggle;434;QZNWR2297990;2460;6;2022-08-26T00:00:00;;https://exitchamber.bandcamp.com/album/deep-stasis?label=3985473299&tab=music;ambient|atmospheric|drone|electronic|eurorack|soundscapes|synthesizer|Edinburgh
Take Me There;Passed Recordings;All you will ever wish for is to get back there;Take Me There;1;- (feat. Chris Hobbs);73;;2208;11;2022-07-22T00:00:00;;https://takemethere.bandcamp.com/album/all-you-will-ever-wish-for-is-to-get-back-there-3?label=3985473299&tab=music;ambient|ambient|ambient pop|classical|dream pop|dreamy|drone|field recordings|nature|nature recordings|new age|noise|post-rock|shoegaze|Sweden
Take Me There;Passed Recordings;All you will ever wish for is to get back there;Take Me There;2;On your darkest day;292;QZHNC2291165;2208;11;2022-07-22T00:00:00;;https://takemethere.bandcamp.com/album/all-you-will-ever-wish-for-is-to-get-back-there-3?label=3985473299&tab=music;ambient|ambient|ambient pop|classical|dream pop|dreamy|drone|field recordings|nature|nature recordings|new age|noise|post-rock|shoegaze|Sweden
Take Me There;Passed Recordings;All you will ever wish for is to get back there;Take Me There;3;The forest will open up for you (feat. Chris Hobbs);268;;2208;11;2022-07-22T00:00:00;;https://takemethere.bandcamp.com/album/all-you-will-ever-wish-for-is-to-get-back-there-3?label=3985473299&tab=music;ambient|ambient|ambient pop|classical|dream pop|dreamy|drone|field recordings|nature|nature recordings|new age|noise|post-rock|shoegaze|Sweden
Take Me There;Passed Recordings;All you will ever wish for is to get back there;Take Me There;4;The joy you searched for;331;QZHNC2291166;2208;11;2022-07-22T00:00:00;;https://takemethere.bandcamp.com/album/all-you-will-ever-wish-for-is-to-get-back-there-3?label=3985473299&tab=music;ambient|ambient|ambient pop|classical|dream pop|dreamy|drone|field recordings|nature|nature recordings|new age|noise|post-rock|shoegaze|Sweden
Take Me There;Passed Recordings;All you will ever wish for is to get back there;Take Me There;5;and;64;QT6F62533986;2208;11;2022-07-22T00:00:00;;https://takemethere.bandcamp.com/album/all-you-will-ever-wish-for-is-to-get-back-there-3?label=3985473299&tab=music;ambient|ambient|ambient pop|classical|dream pop|dreamy|drone|field recordings|nature|nature recordings|new age|noise|post-rock|shoegaze|Sweden
Take Me There;Passed Recordings;All you will ever wish for is to get back there;Take Me There;6;The love you longed for;120;QZHNC2291168;2208;11;2022-07-22T00:00:00;;https://takemethere.bandcamp.com/album/all-you-will-ever-wish-for-is-to-get-back-there-3?label=3985473299&tab=music;ambient|ambient|ambient pop|classical|dream pop|dreamy|drone|field recordings|nature|nature recordings|new age|noise|post-rock|shoegaze|Sweden
Take Me There;Passed Recordings;All you will ever wish for is to get back there;Take Me There;7;If you stay;224;QZHNC2291169;2208;11;2022-07-22T00:00:00;;https://takemethere.bandcamp.com/album/all-you-will-ever-wish-for-is-to-get-back-there-3?label=3985473299&tab=music;ambient|ambient|ambient pop|classical|dream pop|dreamy|drone|field recordings|nature|nature recordings|new age|noise|post-rock|shoegaze|Sweden
Take Me There;Passed Recordings;All you will ever wish for is to get back there;Take Me There;8;If you leave;168;QZHNC2291170;2208;11;2022-07-22T00:00:00;;https://takemethere.bandcamp.com/album/all-you-will-ever-wish-for-is-to-get-back-there-3?label=3985473299&tab=music;ambient|ambient|ambient pop|classical|dream pop|dreamy|drone|field recordings|nature|nature recordings|new age|noise|post-rock|shoegaze|Sweden
Take Me There;Passed Recordings;All you will ever wish for is to get back there;Take Me There;9;All you will ever wish for is to get back there;276;QT3EY2402287;2208;11;2022-07-22T00:00:00;;https://takemethere.bandcamp.com/album/all-you-will-ever-wish-for-is-to-get-back-there-3?label=3985473299&tab=music;ambient|ambient|ambient pop|classical|dream pop|dreamy|drone|field recordings|nature|nature recordings|new age|noise|post-rock|shoegaze|Sweden
Take Me There;Passed Recordings;All you will ever wish for is to get back there;Take Me There;10;The arms that once opened up for you;196;;2208;11;2022-07-22T00:00:00;;https://takemethere.bandcamp.com/album/all-you-will-ever-wish-for-is-to-get-back-there-3?label=3985473299&tab=music;ambient|ambient|ambient pop|classical|dream pop|dreamy|drone|field recordings|nature|nature recordings|new age|noise|post-rock|shoegaze|Sweden
Take Me There;Passed Recordings;All you will ever wish for is to get back there;Take Me There;11;The forest will wither;196;QZHNC2291173;2208;11;2022-07-22T00:00:00;;https://takemethere.bandcamp.com/album/all-you-will-ever-wish-for-is-to-get-back-there-3?label=3985473299&tab=music;ambient|ambient|ambient pop|classical|dream pop|dreamy|drone|field recordings|nature|nature recordings|new age|noise|post-rock|shoegaze|Sweden
Christian Schwöbel;Passed Recordings;Dystopian Pulse;Christian Schwöbel;1;Hubris;580;QZHNB2208312;2342;4;2022-05-27T00:00:00;;https://christianschwoebel.bandcamp.com/album/dystopian-pulse?label=3985473299&tab=music;ambient|ambient|cinematic|dark ambient|doom|drone|field-recording|industrial|instrumental|samples|Berlin
Christian Schwöbel;Passed Recordings;Dystopian Pulse;Christian Schwöbel;2;Machine;584;QZHNB2208313;2342;4;2022-05-27T00:00:00;;https://christianschwoebel.bandcamp.com/album/dystopian-pulse?label=3985473299&tab=music;ambient|ambient|cinematic|dark ambient|doom|drone|field-recording|industrial|instrumental|samples|Berlin
Christian Schwöbel;Passed Recordings;Dystopian Pulse;Christian Schwöbel;3;Dirt;675;QZHNB2208314;2342;4;2022-05-27T00:00:00;;https://christianschwoebel.bandcamp.com/album/dystopian-pulse?label=3985473299&tab=music;ambient|ambient|cinematic|dark ambient|doom|drone|field-recording|industrial|instrumental|samples|Berlin
Christian Schwöbel;Passed Recordings;Dystopian Pulse;Christian Schwöbel;4;Bonus: Crackle;503;;2342;4;2022-05-27T00:00:00;;https://christianschwoebel.bandcamp.com/album/dystopian-pulse?label=3985473299&tab=music;ambient|ambient|cinematic|dark ambient|doom|drone|field-recording|industrial|instrumental|samples|Berlin
Passed Recordings;Passed Recordings;_scapes;Exit Chamber;1;Their Grave, the Stars;265;QZWFE2411120;3060;11;2022-05-06T00:00:00;;https://passedrecordings.bandcamp.com/album/scapes-2;electronic|experimental|ambient|dark ambient|downtempo|dream pop|drone|field recordings|post-rock|Uppsala
Passed Recordings;Passed Recordings;_scapes;a____ne;2;Milk;348;USRC16000735;3060;11;2022-05-06T00:00:00;;https://passedrecordings.bandcamp.com/album/scapes-2;electronic|experimental|ambient|dark ambient|downtempo|dream pop|drone|field recordings|post-rock|Uppsala
Passed Recordings;Passed Recordings;_scapes;YAROSLAVA!;3;ANGEL SCREAMS;209;QZHN72289841;3060;11;2022-05-06T00:00:00;;https://passedrecordings.bandcamp.com/album/scapes-2;electronic|experimental|ambient|dark ambient|downtempo|dream pop|drone|field recordings|post-rock|Uppsala
Passed Recordings;Passed Recordings;_scapes;conno;4;External / Internal;276;QZHN72289842;3060;11;2022-05-06T00:00:00;;https://passedrecordings.bandcamp.com/album/scapes-2;electronic|experimental|ambient|dark ambient|downtempo|dream pop|drone|field recordings|post-rock|Uppsala
Passed Recordings;Passed Recordings;_scapes;Christian Schwöbel;5;Rubble;355;QZHN72289843;3060;11;2022-05-06T00:00:00;;https://passedrecordings.bandcamp.com/album/scapes-2;electronic|experimental|ambient|dark ambient|downtempo|dream pop|drone|field recordings|post-rock|Uppsala
Passed Recordings;Passed Recordings;_scapes;Chris Hobbs;6;It's 3am. I'm Taking a Walk (And They're All Asleep);435;QZHN72289845;3060;11;2022-05-06T00:00:00;;https://passedrecordings.bandcamp.com/album/scapes-2;electronic|experimental|ambient|dark ambient|downtempo|dream pop|drone|field recordings|post-rock|Uppsala
Passed Recordings;Passed Recordings;_scapes;Virga Drought;7;Drown;106;QZHN72289846;3060;11;2022-05-06T00:00:00;;https://passedrecordings.bandcamp.com/album/scapes-2;electronic|experimental|ambient|dark ambient|downtempo|dream pop|drone|field recordings|post-rock|Uppsala
Passed Recordings;Passed Recordings;_scapes;Take Me There (feat. Viridian);8;Swallow;344;;3060;11;2022-05-06T00:00:00;;https://passedrecordings.bandcamp.com/album/scapes-2;electronic|experimental|ambient|dark ambient|downtempo|dream pop|drone|field recordings|post-rock|Uppsala
Passed Recordings;Passed Recordings;_scapes;Kismet;9;Shakehand;280;QZHN72289848;3060;11;2022-05-06T00:00:00;;https://passedrecordings.bandcamp.com/album/scapes-2;electronic|experimental|ambient|dark ambient|downtempo|dream pop|drone|field recordings|post-rock|Uppsala
Passed Recordings;Passed Recordings;_scapes;Fervorvore;10;Bloom;236;QZFZ22423845;3060;11;2022-05-06T00:00:00;;https://passedrecordings.bandcamp.com/album/scapes-2;electronic|experimental|ambient|dark ambient|downtempo|dream pop|drone|field recordings|post-rock|Uppsala
Passed Recordings;Passed Recordings;_scapes;passengers;11;Eternity;206;QM6P42419543;3060;11;2022-05-06T00:00:00;;https://passedrecordings.bandcamp.com/album/scapes-2;electronic|experimental|ambient|dark ambient|downtempo|dream pop|drone|field recordings|post-rock|Uppsala
Ed Herbers;Passed Recordings;Dusty Cartridge: Soundtrack to a Forgotten Kingdom;Ed Herbers;1;Junket's Landing;144;QZDA42209550;6035;32;2022-02-07T00:00:00;;https://herbers.bandcamp.com/album/dusty-cartridge-soundtrack-to-a-forgotten-kingdom-2?label=3985473299&tab=music;ambient|zelda music|cinematic|electronic|fantasy music|instrumental|nintendo|soundtrack|video game music|world music|Cincinnati
Ed Herbers;Passed Recordings;Dusty Cartridge: Soundtrack to a Forgotten Kingdom;Ed Herbers;2;Across the Highlands;147;QZDA42209551;6035;32;2022-02-07T00:00:00;;https://herbers.bandcamp.com/album/dusty-cartridge-soundtrack-to-a-forgotten-kingdom-2?label=3985473299&tab=music;ambient|zelda music|cinematic|electronic|fantasy music|instrumental|nintendo|soundtrack|video game music|world music|Cincinnati
Ed Herbers;Passed Recordings;Dusty Cartridge: Soundtrack to a Forgotten Kingdom;Ed Herbers;3;Battle Theme;80;QZDA42209552;6035;32;2022-02-07T00:00:00;;https://herbers.bandcamp.com/album/dusty-cartridge-soundtrack-to-a-forgotten-kingdom-2?label=3985473299&tab=music;ambient|zelda music|cinematic|electronic|fantasy music|instrumental|nintendo|soundtrack|video game music|world music|Cincinnati
Ed Herbers;Passed Recordings;Dusty Cartridge: Soundtrack to a Forgotten Kingdom;Ed Herbers;4;Solera Woods;209;QZDA42209553;6035;32;2022-02-07T00:00:00;;https://herbers.bandcamp.com/album/dusty-cartridge-soundtrack-to-a-forgotten-kingdom-2?label=3985473299&tab=music;ambient|zelda music|cinematic|electronic|fantasy music|instrumental|nintendo|soundtrack|video game music|world music|Cincinnati
Ed Herbers;Passed Recordings;Dusty Cartridge: Soundtrack to a Forgotten Kingdom;Ed Herbers;5;Overgrown Tomb;217;QZDA42209554;6035;32;2022-02-07T00:00:00;;https://herbers.bandcamp.com/album/dusty-cartridge-soundtrack-to-a-forgotten-kingdom-2?label=3985473299&tab=music;ambient|zelda music|cinematic|electronic|fantasy music|instrumental|nintendo|soundtrack|video game music|world music|Cincinnati
Ed Herbers;Passed Recordings;Dusty Cartridge: Soundtrack to a Forgotten Kingdom;Ed Herbers;6;Sallet Town;197;QZDA42209555;6035;32;2022-02-07T00:00:00;;https://herbers.bandcamp.com/album/dusty-cartridge-soundtrack-to-a-forgotten-kingdom-2?label=3985473299&tab=music;ambient|zelda music|cinematic|electronic|fantasy music|instrumental|nintendo|soundtrack|video game music|world music|Cincinnati
Ed Herbers;Passed Recordings;Dusty Cartridge: Soundtrack to a Forgotten Kingdom;Ed Herbers;7;Malachi's Shooting Gallery;140;QZDA42209556;6035;32;2022-02-07T00:00:00;;https://herbers.bandcamp.com/album/dusty-cartridge-soundtrack-to-a-forgotten-kingdom-2?label=3985473299&tab=music;ambient|zelda music|cinematic|electronic|fantasy music|instrumental|nintendo|soundtrack|video game music|world music|Cincinnati
Ed Herbers;Passed Recordings;Dusty Cartridge: Soundtrack to a Forgotten Kingdom;Ed Herbers;8;Yaru Swamp;194;QZDA42209557;6035;32;2022-02-07T00:00:00;;https://herbers.bandcamp.com/album/dusty-cartridge-soundtrack-to-a-forgotten-kingdom-2?label=3985473299&tab=music;ambient|zelda music|cinematic|electronic|fantasy music|instrumental|nintendo|soundtrack|video game music|world music|Cincinnati
Ed Herbers;Passed Recordings;Dusty Cartridge: Soundtrack to a Forgotten Kingdom;Ed Herbers;9;Duskstone Tavern;236;QZDA42209558;6035;32;2022-02-07T00:00:00;;https://herbers.bandcamp.com/album/dusty-cartridge-soundtrack-to-a-forgotten-kingdom-2?label=3985473299&tab=music;ambient|zelda music|cinematic|electronic|fantasy music|instrumental|nintendo|soundtrack|video game music|world music|Cincinnati
Ed Herbers;Passed Recordings;Dusty Cartridge: Soundtrack to a Forgotten Kingdom;Ed Herbers;10;Agresh Colossus;369;QZDA42209559;6035;32;2022-02-07T00:00:00;;https://herbers.bandcamp.com/album/dusty-cartridge-soundtrack-to-a-forgotten-kingdom-2?label=3985473299&tab=music;ambient|zelda music|cinematic|electronic|fantasy music|instrumental|nintendo|soundtrack|video game music|world music|Cincinnati
Ed Herbers;Passed Recordings;Dusty Cartridge: Soundtrack to a Forgotten Kingdom;Ed Herbers;11;Aquabara Village;230;QZDA42209560;6035;32;2022-02-07T00:00:00;;https://herbers.bandcamp.com/album/dusty-cartridge-soundtrack-to-a-forgotten-kingdom-2?label=3985473299&tab=music;ambient|zelda music|cinematic|electronic|fantasy music|instrumental|nintendo|soundtrack|video game music|world music|Cincinnati
Ed Herbers;Passed Recordings;Dusty Cartridge: Soundtrack to a Forgotten Kingdom;Ed Herbers;12;Reefscream Grotto;289;QZDA42209561;6035;32;2022-02-07T00:00:00;;https://herbers.bandcamp.com/album/dusty-cartridge-soundtrack-to-a-forgotten-kingdom-2?label=3985473299&tab=music;ambient|zelda music|cinematic|electronic|fantasy music|instrumental|nintendo|soundtrack|video game music|world music|Cincinnati
Ed Herbers;Passed Recordings;Dusty Cartridge: Soundtrack to a Forgotten Kingdom;Ed Herbers;13;Hollybrook Ranch;151;QZDA42209562;6035;32;2022-02-07T00:00:00;;https://herbers.bandcamp.com/album/dusty-cartridge-soundtrack-to-a-forgotten-kingdom-2?label=3985473299&tab=music;ambient|zelda music|cinematic|electronic|fantasy music|instrumental|nintendo|soundtrack|video game music|world music|Cincinnati
Ed Herbers;Passed Recordings;Dusty Cartridge: Soundtrack to a Forgotten Kingdom;Ed Herbers;14;Savane Flatlands;192;QZDA42209563;6035;32;2022-02-07T00:00:00;;https://herbers.bandcamp.com/album/dusty-cartridge-soundtrack-to-a-forgotten-kingdom-2?label=3985473299&tab=music;ambient|zelda music|cinematic|electronic|fantasy music|instrumental|nintendo|soundtrack|video game music|world music|Cincinnati
Ed Herbers;Passed Recordings;Dusty Cartridge: Soundtrack to a Forgotten Kingdom;Ed Herbers;15;Ballaban Outpost;241;QZDA42209564;6035;32;2022-02-07T00:00:00;;https://herbers.bandcamp.com/album/dusty-cartridge-soundtrack-to-a-forgotten-kingdom-2?label=3985473299&tab=music;ambient|zelda music|cinematic|electronic|fantasy music|instrumental|nintendo|soundtrack|video game music|world music|Cincinnati
Ed Herbers;Passed Recordings;Dusty Cartridge: Soundtrack to a Forgotten Kingdom;Ed Herbers;16;Akkara Lava Plains;100;QZDA42209565;6035;32;2022-02-07T00:00:00;;https://herbers.bandcamp.com/album/dusty-cartridge-soundtrack-to-a-forgotten-kingdom-2?label=3985473299&tab=music;ambient|zelda music|cinematic|electronic|fantasy music|instrumental|nintendo|soundtrack|video game music|world music|Cincinnati
Ed Herbers;Passed Recordings;Dusty Cartridge: Soundtrack to a Forgotten Kingdom;Ed Herbers;17;Blackrock Caldera;320;QZDA42209566;6035;32;2022-02-07T00:00:00;;https://herbers.bandcamp.com/album/dusty-cartridge-soundtrack-to-a-forgotten-kingdom-2?label=3985473299&tab=music;ambient|zelda music|cinematic|electronic|fantasy music|instrumental|nintendo|soundtrack|video game music|world music|Cincinnati
Ed Herbers;Passed Recordings;Dusty Cartridge: Soundtrack to a Forgotten Kingdom;Ed Herbers;18;Fyrosa Battle;124;QZDA42209567;6035;32;2022-02-07T00:00:00;;https://herbers.bandcamp.com/album/dusty-cartridge-soundtrack-to-a-forgotten-kingdom-2?label=3985473299&tab=music;ambient|zelda music|cinematic|electronic|fantasy music|instrumental|nintendo|soundtrack|video game music|world music|Cincinnati
Ed Herbers;Passed Recordings;Dusty Cartridge: Soundtrack to a Forgotten Kingdom;Ed Herbers;19;Windkerk Village Square;57;QZDA42209568;6035;32;2022-02-07T00:00:00;;https://herbers.bandcamp.com/album/dusty-cartridge-soundtrack-to-a-forgotten-kingdom-2?label=3985473299&tab=music;ambient|zelda music|cinematic|electronic|fantasy music|instrumental|nintendo|soundtrack|video game music|world music|Cincinnati
Ed Herbers;Passed Recordings;Dusty Cartridge: Soundtrack to a Forgotten Kingdom;Ed Herbers;20;Staves and Stoves Pawn Shop;170;QZDA42209569;6035;32;2022-02-07T00:00:00;;https://herbers.bandcamp.com/album/dusty-cartridge-soundtrack-to-a-forgotten-kingdom-2?label=3985473299&tab=music;ambient|zelda music|cinematic|electronic|fantasy music|instrumental|nintendo|soundtrack|video game music|world music|Cincinnati
Ed Herbers;Passed Recordings;Dusty Cartridge: Soundtrack to a Forgotten Kingdom;Ed Herbers;21;Ironhaven;206;QZDA42209570;6035;32;2022-02-07T00:00:00;;https://herbers.bandcamp.com/album/dusty-cartridge-soundtrack-to-a-forgotten-kingdom-2?label=3985473299&tab=music;ambient|zelda music|cinematic|electronic|fantasy music|instrumental|nintendo|soundtrack|video game music|world music|Cincinnati
Ed Herbers;Passed Recordings;Dusty Cartridge: Soundtrack to a Forgotten Kingdom;Ed Herbers;22;Grimestone Forge;141;QZDA42209572;6035;32;2022-02-07T00:00:00;;https://herbers.bandcamp.com/album/dusty-cartridge-soundtrack-to-a-forgotten-kingdom-2?label=3985473299&tab=music;ambient|zelda music|cinematic|electronic|fantasy music|instrumental|nintendo|soundtrack|video game music|world music|Cincinnati
Ed Herbers;Passed Recordings;Dusty Cartridge: Soundtrack to a Forgotten Kingdom;Ed Herbers;23;Northern Snowfields;252;QZDA42209574;6035;32;2022-02-07T00:00:00;;https://herbers.bandcamp.com/album/dusty-cartridge-soundtrack-to-a-forgotten-kingdom-2?label=3985473299&tab=music;ambient|zelda music|cinematic|electronic|fantasy music|instrumental|nintendo|soundtrack|video game music|world music|Cincinnati
Ed Herbers;Passed Recordings;Dusty Cartridge: Soundtrack to a Forgotten Kingdom;Ed Herbers;24;Frostburn Mountain;183;QZDA42209576;6035;32;2022-02-07T00:00:00;;https://herbers.bandcamp.com/album/dusty-cartridge-soundtrack-to-a-forgotten-kingdom-2?label=3985473299&tab=music;ambient|zelda music|cinematic|electronic|fantasy music|instrumental|nintendo|soundtrack|video game music|world music|Cincinnati
Ed Herbers;Passed Recordings;Dusty Cartridge: Soundtrack to a Forgotten Kingdom;Ed Herbers;25;Snowscale Village;174;QZDA42209578;6035;32;2022-02-07T00:00:00;;https://herbers.bandcamp.com/album/dusty-cartridge-soundtrack-to-a-forgotten-kingdom-2?label=3985473299&tab=music;ambient|zelda music|cinematic|electronic|fantasy music|instrumental|nintendo|soundtrack|video game music|world music|Cincinnati
Ed Herbers;Passed Recordings;Dusty Cartridge: Soundtrack to a Forgotten Kingdom;Ed Herbers;26;Meltwater Manor;78;QZDA42209579;6035;32;2022-02-07T00:00:00;;https://herbers.bandcamp.com/album/dusty-cartridge-soundtrack-to-a-forgotten-kingdom-2?label=3985473299&tab=music;ambient|zelda music|cinematic|electronic|fantasy music|instrumental|nintendo|soundtrack|video game music|world music|Cincinnati
Ed Herbers;Passed Recordings;Dusty Cartridge: Soundtrack to a Forgotten Kingdom;Ed Herbers;27;The King's Crypt;104;QZDA42209580;6035;32;2022-02-07T00:00:00;;https://herbers.bandcamp.com/album/dusty-cartridge-soundtrack-to-a-forgotten-kingdom-2?label=3985473299&tab=music;ambient|zelda music|cinematic|electronic|fantasy music|instrumental|nintendo|soundtrack|video game music|world music|Cincinnati
Ed Herbers;Passed Recordings;Dusty Cartridge: Soundtrack to a Forgotten Kingdom;Ed Herbers;28;Highlands at Night;106;QZDA42209581;6035;32;2022-02-07T00:00:00;;https://herbers.bandcamp.com/album/dusty-cartridge-soundtrack-to-a-forgotten-kingdom-2?label=3985473299&tab=music;ambient|zelda music|cinematic|electronic|fantasy music|instrumental|nintendo|soundtrack|video game music|world music|Cincinnati
Ed Herbers;Passed Recordings;Dusty Cartridge: Soundtrack to a Forgotten Kingdom;Ed Herbers;29;The King's Corruption;176;QZDA42209582;6035;32;2022-02-07T00:00:00;;https://herbers.bandcamp.com/album/dusty-cartridge-soundtrack-to-a-forgotten-kingdom-2?label=3985473299&tab=music;ambient|zelda music|cinematic|electronic|fantasy music|instrumental|nintendo|soundtrack|video game music|world music|Cincinnati
Ed Herbers;Passed Recordings;Dusty Cartridge: Soundtrack to a Forgotten Kingdom;Ed Herbers;30;Showdown with the Demon King;301;QZDA42209584;6035;32;2022-02-07T00:00:00;;https://herbers.bandcamp.com/album/dusty-cartridge-soundtrack-to-a-forgotten-kingdom-2?label=3985473299&tab=music;ambient|zelda music|cinematic|electronic|fantasy music|instrumental|nintendo|soundtrack|video game music|world music|Cincinnati
Ed Herbers;Passed Recordings;Dusty Cartridge: Soundtrack to a Forgotten Kingdom;Ed Herbers;31;Farewell (Credits);296;QZDA42209585;6035;32;2022-02-07T00:00:00;;https://herbers.bandcamp.com/album/dusty-cartridge-soundtrack-to-a-forgotten-kingdom-2?label=3985473299&tab=music;ambient|zelda music|cinematic|electronic|fantasy music|instrumental|nintendo|soundtrack|video game music|world music|Cincinnati
Ed Herbers;Passed Recordings;Dusty Cartridge: Soundtrack to a Forgotten Kingdom;Ed Herbers;32;Private Fishing Spot;211;QZDA42209587;6035;32;2022-02-07T00:00:00;;https://herbers.bandcamp.com/album/dusty-cartridge-soundtrack-to-a-forgotten-kingdom-2?label=3985473299&tab=music;ambient|zelda music|cinematic|electronic|fantasy music|instrumental|nintendo|soundtrack|video game music|world music|Cincinnati
Asha Patera;Passed Recordings;Sunblind;Asha Patera;1;Weapon Of War;380;QZTB82212209;2835;8;2021-11-27T00:00:00;;https://ashapatera.bandcamp.com/album/sunblind?label=3985473299&tab=music;ambient|ambient|ambient electronic|downtempo|electronica|post-rock|United Kingdom
Asha Patera;Passed Recordings;Sunblind;Asha Patera;2;Oxygen;352;QZTB82212210;2835;8;2021-11-27T00:00:00;;https://ashapatera.bandcamp.com/album/sunblind?label=3985473299&tab=music;ambient|ambient|ambient electronic|downtempo|electronica|post-rock|United Kingdom
Asha Patera;Passed Recordings;Sunblind;Asha Patera;3;Tomorrow You Might Just See...;318;QZTB82212211;2835;8;2021-11-27T00:00:00;;https://ashapatera.bandcamp.com/album/sunblind?label=3985473299&tab=music;ambient|ambient|ambient electronic|downtempo|electronica|post-rock|United Kingdom
Asha Patera;Passed Recordings;Sunblind;Asha Patera;4;Sunblind;542;QZTB82212212;2835;8;2021-11-27T00:00:00;;https://ashapatera.bandcamp.com/album/sunblind?label=3985473299&tab=music;ambient|ambient|ambient electronic|downtempo|electronica|post-rock|United Kingdom
Asha Patera;Passed Recordings;Sunblind;Asha Patera;5;Daughter Of Time;276;QZTB82212213;2835;8;2021-11-27T00:00:00;;https://ashapatera.bandcamp.com/album/sunblind?label=3985473299&tab=music;ambient|ambient|ambient electronic|downtempo|electronica|post-rock|United Kingdom
Asha Patera;Passed Recordings;Sunblind;Asha Patera;6;It's Not What You Say;325;QZTB82212214;2835;8;2021-11-27T00:00:00;;https://ashapatera.bandcamp.com/album/sunblind?label=3985473299&tab=music;ambient|ambient|ambient electronic|downtempo|electronica|post-rock|United Kingdom
Asha Patera;Passed Recordings;Sunblind;Asha Patera;7;Hypersomnia;298;QZTB82212215;2835;8;2021-11-27T00:00:00;;https://ashapatera.bandcamp.com/album/sunblind?label=3985473299&tab=music;ambient|ambient|ambient electronic|downtempo|electronica|post-rock|United Kingdom
Asha Patera;Passed Recordings;Sunblind;Asha Patera;8;The Lights Go Out In Summer;344;QZTB82212216;2835;8;2021-11-27T00:00:00;;https://ashapatera.bandcamp.com/album/sunblind?label=3985473299&tab=music;ambient|ambient|ambient electronic|downtempo|electronica|post-rock|United Kingdom
Ed Herbers;Passed Recordings;Migration;Ed Herbers;1;Sunrise;412;QZNWW2129753;3298;8;2021-10-30T00:00:00;;https://herbers.bandcamp.com/album/migration?label=3985473299&tab=music;ambient|cinematic|electronic|instrumental|Cincinnati
Ed Herbers;Passed Recordings;Migration;Ed Herbers;2;Forest Floor;375;QZNWW2129754;3298;8;2021-10-30T00:00:00;;https://herbers.bandcamp.com/album/migration?label=3985473299&tab=music;ambient|cinematic|electronic|instrumental|Cincinnati
Ed Herbers;Passed Recordings;Migration;Ed Herbers;3;Autumn;300;QZNWW2129755;3298;8;2021-10-30T00:00:00;;https://herbers.bandcamp.com/album/migration?label=3985473299&tab=music;ambient|cinematic|electronic|instrumental|Cincinnati
Ed Herbers;Passed Recordings;Migration;Ed Herbers;4;Awe;480;QZNWW2129756;3298;8;2021-10-30T00:00:00;;https://herbers.bandcamp.com/album/migration?label=3985473299&tab=music;ambient|cinematic|electronic|instrumental|Cincinnati
Ed Herbers;Passed Recordings;Migration;Ed Herbers;5;Gossamer;437;QZNWW2129757;3298;8;2021-10-30T00:00:00;;https://herbers.bandcamp.com/album/migration?label=3985473299&tab=music;ambient|cinematic|electronic|instrumental|Cincinnati
Ed Herbers;Passed Recordings;Migration;Ed Herbers;6;Tipping Point;543;QZNWW2129758;3298;8;2021-10-30T00:00:00;;https://herbers.bandcamp.com/album/migration?label=3985473299&tab=music;ambient|cinematic|electronic|instrumental|Cincinnati
Ed Herbers;Passed Recordings;Migration;Ed Herbers;7;Revolution;486;QZNWW2129759;3298;8;2021-10-30T00:00:00;;https://herbers.bandcamp.com/album/migration?label=3985473299&tab=music;ambient|cinematic|electronic|instrumental|Cincinnati
Ed Herbers;Passed Recordings;Migration;Ed Herbers;8;Migration;265;QZNWW2129760;3298;8;2021-10-30T00:00:00;;https://herbers.bandcamp.com/album/migration?label=3985473299&tab=music;ambient|cinematic|electronic|instrumental|Cincinnati
Ed Herbers;Passed Recordings;Under a Desert Sun;Ed Herbers;1;Canyon Walls;469;QZK6P2130167;3236;8;2021-05-10T00:00:00;;https://herbers.bandcamp.com/album/under-a-desert-sun?label=3985473299&tab=music;ambient|atmospheric|cinematic|electronic|instrumental|Cincinnati
Ed Herbers;Passed Recordings;Under a Desert Sun;Ed Herbers;2;Mirage;368;QZK6P2130168;3236;8;2021-05-10T00:00:00;;https://herbers.bandcamp.com/album/under-a-desert-sun?label=3985473299&tab=music;ambient|atmospheric|cinematic|electronic|instrumental|Cincinnati
Ed Herbers;Passed Recordings;Under a Desert Sun;Ed Herbers;3;Frozen Sand;245;QZK6P2130169;3236;8;2021-05-10T00:00:00;;https://herbers.bandcamp.com/album/under-a-desert-sun?label=3985473299&tab=music;ambient|atmospheric|cinematic|electronic|instrumental|Cincinnati
Ed Herbers;Passed Recordings;Under a Desert Sun;Ed Herbers;4;Endless Dunes;411;QZK6P2130170;3236;8;2021-05-10T00:00:00;;https://herbers.bandcamp.com/album/under-a-desert-sun?label=3985473299&tab=music;ambient|atmospheric|cinematic|electronic|instrumental|Cincinnati
Ed Herbers;Passed Recordings;Under a Desert Sun;Ed Herbers;5;Under a Desert Sun;499;QZK6P2130171;3236;8;2021-05-10T00:00:00;;https://herbers.bandcamp.com/album/under-a-desert-sun?label=3985473299&tab=music;ambient|atmospheric|cinematic|electronic|instrumental|Cincinnati
Ed Herbers;Passed Recordings;Under a Desert Sun;Ed Herbers;6;Surrounded By Water;387;QZK6P2130172;3236;8;2021-05-10T00:00:00;;https://herbers.bandcamp.com/album/under-a-desert-sun?label=3985473299&tab=music;ambient|atmospheric|cinematic|electronic|instrumental|Cincinnati
Ed Herbers;Passed Recordings;Under a Desert Sun;Ed Herbers;7;Desolation;353;QZK6P2130173;3236;8;2021-05-10T00:00:00;;https://herbers.bandcamp.com/album/under-a-desert-sun?label=3985473299&tab=music;ambient|atmospheric|cinematic|electronic|instrumental|Cincinnati
Ed Herbers;Passed Recordings;Under a Desert Sun;Ed Herbers;8;The Obelisk;504;QZK6P2130174;3236;8;2021-05-10T00:00:00;;https://herbers.bandcamp.com/album/under-a-desert-sun?label=3985473299&tab=music;ambient|atmospheric|cinematic|electronic|instrumental|Cincinnati
Asha Patera;Passed Recordings;Saturnine;Asha Patera;1;Artega;350;QZTB82226081;2782;8;2021-03-28T00:00:00;;https://ashapatera.bandcamp.com/album/saturnine?label=3985473299&tab=music;ambient|ambient|ambient electronic|atmospheric|chillout|dark electronica|downtempo|electronica|meditation|post-rock|relaxing|study music|United Kingdom
Asha Patera;Passed Recordings;Saturnine;Asha Patera;2;How To Finish;224;QZTB82226082;2782;8;2021-03-28T00:00:00;;https://ashapatera.bandcamp.com/album/saturnine?label=3985473299&tab=music;ambient|ambient|ambient electronic|atmospheric|chillout|dark electronica|downtempo|electronica|meditation|post-rock|relaxing|study music|United Kingdom
Asha Patera;Passed Recordings;Saturnine;Asha Patera;3;Destroying Angel;617;QZTB82226083;2782;8;2021-03-28T00:00:00;;https://ashapatera.bandcamp.com/album/saturnine?label=3985473299&tab=music;ambient|ambient|ambient electronic|atmospheric|chillout|dark electronica|downtempo|electronica|meditation|post-rock|relaxing|study music|United Kingdom
Asha Patera;Passed Recordings;Saturnine;Asha Patera;4;Ikumak Kiujak;282;QZTB82226084;2782;8;2021-03-28T00:00:00;;https://ashapatera.bandcamp.com/album/saturnine?label=3985473299&tab=music;ambient|ambient|ambient electronic|atmospheric|chillout|dark electronica|downtempo|electronica|meditation|post-rock|relaxing|study music|United Kingdom
Asha Patera;Passed Recordings;Saturnine;Asha Patera;5;The Dots;268;QZTB82226085;2782;8;2021-03-28T00:00:00;;https://ashapatera.bandcamp.com/album/saturnine?label=3985473299&tab=music;ambient|ambient|ambient electronic|atmospheric|chillout|dark electronica|downtempo|electronica|meditation|post-rock|relaxing|study music|United Kingdom
Asha Patera;Passed Recordings;Saturnine;Asha Patera;6;Xperiments;528;QZTB82226086;2782;8;2021-03-28T00:00:00;;https://ashapatera.bandcamp.com/album/saturnine?label=3985473299&tab=music;ambient|ambient|ambient electronic|atmospheric|chillout|dark electronica|downtempo|electronica|meditation|post-rock|relaxing|study music|United Kingdom
Asha Patera;Passed Recordings;Saturnine;Asha Patera;7;Take Shelter;98;QZTB82226087;2782;8;2021-03-28T00:00:00;;https://ashapatera.bandcamp.com/album/saturnine?label=3985473299&tab=music;ambient|ambient|ambient electronic|atmospheric|chillout|dark electronica|downtempo|electronica|meditation|post-rock|relaxing|study music|United Kingdom
Asha Patera;Passed Recordings;Saturnine;Asha Patera;8;Zum Stadtzentrum;415;QZTB82226088;2782;8;2021-03-28T00:00:00;;https://ashapatera.bandcamp.com/album/saturnine?label=3985473299&tab=music;ambient|ambient|ambient electronic|atmospheric|chillout|dark electronica|downtempo|electronica|meditation|post-rock|relaxing|study music|United Kingdom
Ed Herbers;Passed Recordings;Voyager;Ed Herbers;1;Nova;344;QZK6Q2151815;1877;6;2021-02-09T00:00:00;;https://herbers.bandcamp.com/album/voyager?label=3985473299&tab=music;ambient|cinematic|electronic|instrumental|meditation|new age|solo piano|space music|Cincinnati
Ed Herbers;Passed Recordings;Voyager;Ed Herbers;2;Sagan;278;QZK6Q2151816;1877;6;2021-02-09T00:00:00;;https://herbers.bandcamp.com/album/voyager?label=3985473299&tab=music;ambient|cinematic|electronic|instrumental|meditation|new age|solo piano|space music|Cincinnati
Ed Herbers;Passed Recordings;Voyager;Ed Herbers;3;Moons;283;QZK6Q2151817;1877;6;2021-02-09T00:00:00;;https://herbers.bandcamp.com/album/voyager?label=3985473299&tab=music;ambient|cinematic|electronic|instrumental|meditation|new age|solo piano|space music|Cincinnati
Ed Herbers;Passed Recordings;Voyager;Ed Herbers;4;Rings of Saturn;201;QZK6Q2151818;1877;6;2021-02-09T00:00:00;;https://herbers.bandcamp.com/album/voyager?label=3985473299&tab=music;ambient|cinematic|electronic|instrumental|meditation|new age|solo piano|space music|Cincinnati
Ed Herbers;Passed Recordings;Voyager;Ed Herbers;5;Interstellar;426;QZK6Q2151819;1877;6;2021-02-09T00:00:00;;https://herbers.bandcamp.com/album/voyager?label=3985473299&tab=music;ambient|cinematic|electronic|instrumental|meditation|new age|solo piano|space music|Cincinnati
Ed Herbers;Passed Recordings;Voyager;Ed Herbers;6;Event Horizon;345;QZK6Q2151820;1877;6;2021-02-09T00:00:00;;https://herbers.bandcamp.com/album/voyager?label=3985473299&tab=music;ambient|cinematic|electronic|instrumental|meditation|new age|solo piano|space music|Cincinnati

Take Me There;Passed Recordings;Chronic Lullabies;Take Me There;1;The People I Stay For;320;QZK6K2076972;2339;9;2020-10-23T00:00:00;;https://takemethere.bandcamp.com/album/chronic-lullabies-2?label=3985473299&tab=music;ambient|chronic|spoken word|dreamy|drone|lo-fi|noise|relaxing|sad|shoegaze|Sweden
Take Me There;Passed Recordings;Chronic Lullabies;Take Me There;2;What It Used To Be Like;216;QZK6K2076973;2339;9;2020-10-23T00:00:00;;https://takemethere.bandcamp.com/album/chronic-lullabies-2?label=3985473299&tab=music;ambient|chronic|spoken word|dreamy|drone|lo-fi|noise|relaxing|sad|shoegaze|Sweden
Take Me There;Passed Recordings;Chronic Lullabies;Take Me There;3;Embrace The Pain;116;QZK6K2076974;2339;9;2020-10-23T00:00:00;;https://takemethere.bandcamp.com/album/chronic-lullabies-2?label=3985473299&tab=music;ambient|chronic|spoken word|dreamy|drone|lo-fi|noise|relaxing|sad|shoegaze|Sweden
Take Me There;Passed Recordings;Chronic Lullabies;Take Me There;4;An Ode To Physical Pain;288;QZK6K2076975;2339;9;2020-10-23T00:00:00;;https://takemethere.bandcamp.com/album/chronic-lullabies-2?label=3985473299&tab=music;ambient|chronic|spoken word|dreamy|drone|lo-fi|noise|relaxing|sad|shoegaze|Sweden
Take Me There;Passed Recordings;Chronic Lullabies;Take Me There;5;Washed Out;490;QZK6K2076976;2339;9;2020-10-23T00:00:00;;https://takemethere.bandcamp.com/album/chronic-lullabies-2?label=3985473299&tab=music;ambient|chronic|spoken word|dreamy|drone|lo-fi|noise|relaxing|sad|shoegaze|Sweden
Take Me There;Passed Recordings;Chronic Lullabies;Take Me There;6;My Body Betrayed Me;287;QZK6K2073650;2339;9;2020-10-23T00:00:00;;https://takemethere.bandcamp.com/album/chronic-lullabies-2?label=3985473299&tab=music;ambient|chronic|spoken word|dreamy|drone|lo-fi|noise|relaxing|sad|shoegaze|Sweden
Take Me There;Passed Recordings;Chronic Lullabies;Take Me There;7;If I Feel Something...;226;QZK6K2073651;2339;9;2020-10-23T00:00:00;;https://takemethere.bandcamp.com/album/chronic-lullabies-2?label=3985473299&tab=music;ambient|chronic|spoken word|dreamy|drone|lo-fi|noise|relaxing|sad|shoegaze|Sweden
Take Me There;Passed Recordings;Chronic Lullabies;Take Me There;8;Some Things Last A Lifetime;152;QZK6K2076977;2339;9;2020-10-23T00:00:00;;https://takemethere.bandcamp.com/album/chronic-lullabies-2?label=3985473299&tab=music;ambient|chronic|spoken word|dreamy|drone|lo-fi|noise|relaxing|sad|shoegaze|Sweden
Take Me There;Passed Recordings;Chronic Lullabies;Take Me There;9;Stuck;244;QZK6K2076978;2339;9;2020-10-23T00:00:00;;https://takemethere.bandcamp.com/album/chronic-lullabies-2?label=3985473299&tab=music;ambient|chronic|spoken word|dreamy|drone|lo-fi|noise|relaxing|sad|shoegaze|Sweden
Virga Drought;Passed Recordings;Fiasco;Virga Drought;1;To Friends of Friends of Friends;294;QZTB82360746;2292;11;2020-09-09T00:00:00;;https://virgadrought.bandcamp.com/album/fiasco?label=3985473299&tab=music;ambient|Edmonton
Virga Drought;Passed Recordings;Fiasco;Virga Drought;2;An Anchor in My Back Pocket;138;QZTB82360747;2292;11;2020-09-09T00:00:00;;https://virgadrought.bandcamp.com/album/fiasco?label=3985473299&tab=music;ambient|Edmonton
Virga Drought;Passed Recordings;Fiasco;Virga Drought;3;I Know, I Said;161;QZTB82360748;2292;11;2020-09-09T00:00:00;;https://virgadrought.bandcamp.com/album/fiasco?label=3985473299&tab=music;ambient|Edmonton
Virga Drought;Passed Recordings;Fiasco;Virga Drought;4;I Think... I Think Too Much;260;QZTB82360749;2292;11;2020-09-09T00:00:00;;https://virgadrought.bandcamp.com/album/fiasco?label=3985473299&tab=music;ambient|Edmonton
Virga Drought;Passed Recordings;Fiasco;Virga Drought;5;Like a Snake With Two Heads;200;QZTB82360750;2292;11;2020-09-09T00:00:00;;https://virgadrought.bandcamp.com/album/fiasco?label=3985473299&tab=music;ambient|Edmonton
Virga Drought;Passed Recordings;Fiasco;Virga Drought;6;Too Late for Dialogue, Talk to Who?;176;QZTB82360751;2292;11;2020-09-09T00:00:00;;https://virgadrought.bandcamp.com/album/fiasco?label=3985473299&tab=music;ambient|Edmonton
Virga Drought;Passed Recordings;Fiasco;Virga Drought;7;RIP;306;QZTB82360752;2292;11;2020-09-09T00:00:00;;https://virgadrought.bandcamp.com/album/fiasco?label=3985473299&tab=music;ambient|Edmonton
Virga Drought;Passed Recordings;Fiasco;Virga Drought;8;Low Enough to Behold;204;QZTB82360753;2292;11;2020-09-09T00:00:00;;https://virgadrought.bandcamp.com/album/fiasco?label=3985473299&tab=music;ambient|Edmonton
Virga Drought;Passed Recordings;Fiasco;Virga Drought;9;Harps and Whores;214;QZTB82360754;2292;11;2020-09-09T00:00:00;;https://virgadrought.bandcamp.com/album/fiasco?label=3985473299&tab=music;ambient|Edmonton
Virga Drought;Passed Recordings;Fiasco;Virga Drought;10;Submission Studies;165;QZTB82360755;2292;11;2020-09-09T00:00:00;;https://virgadrought.bandcamp.com/album/fiasco?label=3985473299&tab=music;ambient|Edmonton
Virga Drought;Passed Recordings;Fiasco;Virga Drought;11;Those Little Fuckers;174;QZTB82360756;2292;11;2020-09-09T00:00:00;;https://virgadrought.bandcamp.com/album/fiasco?label=3985473299&tab=music;ambient|Edmonton
Ed Herbers;Passed Recordings;Currents;Ed Herbers;1;Harbor;448;QZK6Q2150118;1589;4;2020-07-17T00:00:00;;https://herbers.bandcamp.com/album/currents?label=3985473299&tab=music;ambient|cinematic|downtempo|electronic|instrumental|meditation|soundscape|Cincinnati
Ed Herbers;Passed Recordings;Currents;Ed Herbers;2;Currents;384;QZK6Q2150119;1589;4;2020-07-17T00:00:00;;https://herbers.bandcamp.com/album/currents?label=3985473299&tab=music;ambient|cinematic|downtempo|electronic|instrumental|meditation|soundscape|Cincinnati
Ed Herbers;Passed Recordings;Currents;Ed Herbers;3;Adrift;358;QZK6Q2150120;1589;4;2020-07-17T00:00:00;;https://herbers.bandcamp.com/album/currents?label=3985473299&tab=music;ambient|cinematic|downtempo|electronic|instrumental|meditation|soundscape|Cincinnati
Ed Herbers;Passed Recordings;Currents;Ed Herbers;4;Horizon;399;QZK6Q2150121;1589;4;2020-07-17T00:00:00;;https://herbers.bandcamp.com/album/currents?label=3985473299&tab=music;ambient|cinematic|downtempo|electronic|instrumental|meditation|soundscape|Cincinnati
Take Me There;Passed Recordings;A Bouquet Of Hope;Take Me There;1;Distance Is Our Enemy;288;QZHN62025046;740;3;2020-06-12T00:00:00;;https://takemethere.bandcamp.com/album/a-bouquet-of-hope?label=3985473299&tab=music;ambient|ambient|chill|dreamy|drone|minimalism|noise|relaxing|shoegaze|Sweden
Take Me There;Passed Recordings;A Bouquet Of Hope;Take Me There;2;Where I Wished To Be;164;QZHN62025047;740;3;2020-06-12T00:00:00;;https://takemethere.bandcamp.com/album/a-bouquet-of-hope?label=3985473299&tab=music;ambient|ambient|chill|dreamy|drone|minimalism|noise|relaxing|shoegaze|Sweden
Take Me There;Passed Recordings;A Bouquet Of Hope;Take Me There;3;Healed, Yet Still Broken;288;QZHN62025048;740;3;2020-06-12T00:00:00;;https://takemethere.bandcamp.com/album/a-bouquet-of-hope?label=3985473299&tab=music;ambient|ambient|chill|dreamy|drone|minimalism|noise|relaxing|shoegaze|Sweden
Take Me There;Passed Recordings;Split With passengers;Take Me There;1;Tears In The Snow;344;QZES92078956;725;3;2020-05-22T00:00:00;;https://takemethere.bandcamp.com/album/split-with-passengers?label=3985473299&tab=music;ambient|dreamy|drone|noise|shoegaze|Sweden
Take Me There;Passed Recordings;Split With passengers;Take Me There;2;The Quiet Wind;133;QZES92078957;725;3;2020-05-22T00:00:00;;https://takemethere.bandcamp.com/album/split-with-passengers?label=3985473299&tab=music;ambient|dreamy|drone|noise|shoegaze|Sweden
Take Me There;Passed Recordings;Split With passengers;Take Me There;3;The Birds Will Sing Again;248;QZES92078958;725;3;2020-05-22T00:00:00;;https://takemethere.bandcamp.com/album/split-with-passengers?label=3985473299&tab=music;ambient|dreamy|drone|noise|shoegaze|Sweden
Virga Drought;Passed Recordings;Virga Drought;Virga Drought;1;Who Will Love You If I Don't;240;;1226;7;2020-04-30T00:00:00;;https://virgadrought.bandcamp.com/album/virga-drought?label=3985473299&tab=music;ambient|Edmonton
Virga Drought;Passed Recordings;Virga Drought;Virga Drought;2;I Did Something Bad, I Got in a Fight... About Drugs;157;;1226;7;2020-04-30T00:00:00;;https://virgadrought.bandcamp.com/album/virga-drought?label=3985473299&tab=music;ambient|Edmonton
Virga Drought;Passed Recordings;Virga Drought;Virga Drought;3;I Feel Droned;163;;1226;7;2020-04-30T00:00:00;;https://virgadrought.bandcamp.com/album/virga-drought?label=3985473299&tab=music;ambient|Edmonton
Virga Drought;Passed Recordings;Virga Drought;Virga Drought;4;We Love You Alexandru Moise!;166;;1226;7;2020-04-30T00:00:00;;https://virgadrought.bandcamp.com/album/virga-drought?label=3985473299&tab=music;ambient|Edmonton
Virga Drought;Passed Recordings;Virga Drought;Virga Drought;5;Good News, That's All They Want to Hear;81;;1226;7;2020-04-30T00:00:00;;https://virgadrought.bandcamp.com/album/virga-drought?label=3985473299&tab=music;ambient|Edmonton
Virga Drought;Passed Recordings;Virga Drought;Virga Drought;6;Spider Sold Her Eggs to Any Buyer;174;;1226;7;2020-04-30T00:00:00;;https://virgadrought.bandcamp.com/album/virga-drought?label=3985473299&tab=music;ambient|Edmonton
Virga Drought;Passed Recordings;Virga Drought;Virga Drought;7;Forgotten, Even to the Sea;245;;1226;7;2020-04-30T00:00:00;;https://virgadrought.bandcamp.com/album/virga-drought?label=3985473299&tab=music;ambient|Edmonton
Take Me There;Passed Recordings;A House By The Ocean;Take Me There;1;Entering A Dream;279;QZDA72019872;767;3;2020-04-24T00:00:00;;https://takemethere.bandcamp.com/album/a-house-by-the-ocean?label=3985473299&tab=music;ambient|dreamy|drone|noise|shoegaze|Sweden
Take Me There;Passed Recordings;A House By The Ocean;Take Me There;2;Will It Ever Be Real?;220;QZDA72019873;767;3;2020-04-24T00:00:00;;https://takemethere.bandcamp.com/album/a-house-by-the-ocean?label=3985473299&tab=music;ambient|dreamy|drone|noise|shoegaze|Sweden
Take Me There;Passed Recordings;A House By The Ocean;Take Me There;3;One Day, Maybe...;268;QZDA72019874;767;3;2020-04-24T00:00:00;;https://takemethere.bandcamp.com/album/a-house-by-the-ocean?label=3985473299&tab=music;ambient|dreamy|drone|noise|shoegaze|Sweden

Take Me There;Passed Recordings;What Keeps Me From Sleep;Take Me There;1;Regretting It All;150;QZES52162555;800;3;2020-03-21T00:00:00;;https://takemethere.bandcamp.com/album/what-keeps-me-from-sleep?label=3985473299&tab=music;ambient|dreamy|drone|noise|shoegaze|Sweden
Take Me There;Passed Recordings;What Keeps Me From Sleep;Take Me There;2;Reflection;210;QZZ7Q2597013;800;3;2020-03-21T00:00:00;;https://takemethere.bandcamp.com/album/what-keeps-me-from-sleep?label=3985473299&tab=music;ambient|dreamy|drone|noise|shoegaze|Sweden
Take Me There;Passed Recordings;What Keeps Me From Sleep;Take Me There;3;Will You Ever Be At Peace With Yourself?;440;QZES52162557;800;3;2020-03-21T00:00:00;;https://takemethere.bandcamp.com/album/what-keeps-me-from-sleep?label=3985473299&tab=music;ambient|dreamy|drone|noise|shoegaze|Sweden
Ed Herbers;Passed Recordings;Loose Ends;Ed Herbers;1;Left Behind;266;QZK6Q2115692;2170;10;2020-02-29T00:00:00;;https://herbers.bandcamp.com/album/loose-ends?label=3985473299&tab=music;ambient|ludovico einaudi|cinematic|contemplative|electronic|emotion|george winston|instrumental|new age|piano|sad|solo piano|windham hill|Cincinnati
Ed Herbers;Passed Recordings;Loose Ends;Ed Herbers;2;First Place;216;QZK6Q2115693;2170;10;2020-02-29T00:00:00;;https://herbers.bandcamp.com/album/loose-ends?label=3985473299&tab=music;ambient|ludovico einaudi|cinematic|contemplative|electronic|emotion|george winston|instrumental|new age|piano|sad|solo piano|windham hill|Cincinnati
Ed Herbers;Passed Recordings;Loose Ends;Ed Herbers;3;Snowdrifts;248;QZK6Q2115694;2170;10;2020-02-29T00:00:00;;https://herbers.bandcamp.com/album/loose-ends?label=3985473299&tab=music;ambient|ludovico einaudi|cinematic|contemplative|electronic|emotion|george winston|instrumental|new age|piano|sad|solo piano|windham hill|Cincinnati
Ed Herbers;Passed Recordings;Loose Ends;Ed Herbers;4;On Opposite Ends of Parallel Streets;168;QZK6Q2115695;2170;10;2020-02-29T00:00:00;;https://herbers.bandcamp.com/album/loose-ends?label=3985473299&tab=music;ambient|ludovico einaudi|cinematic|contemplative|electronic|emotion|george winston|instrumental|new age|piano|sad|solo piano|windham hill|Cincinnati
Ed Herbers;Passed Recordings;Loose Ends;Ed Herbers;5;Loose Ends;255;QZK6Q2115696;2170;10;2020-02-29T00:00:00;;https://herbers.bandcamp.com/album/loose-ends?label=3985473299&tab=music;ambient|ludovico einaudi|cinematic|contemplative|electronic|emotion|george winston|instrumental|new age|piano|sad|solo piano|windham hill|Cincinnati
Ed Herbers;Passed Recordings;Loose Ends;Ed Herbers;6;Memories;284;QZK6Q2115697;2170;10;2020-02-29T00:00:00;;https://herbers.bandcamp.com/album/loose-ends?label=3985473299&tab=music;ambient|ludovico einaudi|cinematic|contemplative|electronic|emotion|george winston|instrumental|new age|piano|sad|solo piano|windham hill|Cincinnati
Ed Herbers;Passed Recordings;Loose Ends;Ed Herbers;7;The Spider's Web;182;QZK6Q2115698;2170;10;2020-02-29T00:00:00;;https://herbers.bandcamp.com/album/loose-ends?label=3985473299&tab=music;ambient|ludovico einaudi|cinematic|contemplative|electronic|emotion|george winston|instrumental|new age|piano|sad|solo piano|windham hill|Cincinnati
Ed Herbers;Passed Recordings;Loose Ends;Ed Herbers;8;The Space Between Us;192;QZK6Q2115699;2170;10;2020-02-29T00:00:00;;https://herbers.bandcamp.com/album/loose-ends?label=3985473299&tab=music;ambient|ludovico einaudi|cinematic|contemplative|electronic|emotion|george winston|instrumental|new age|piano|sad|solo piano|windham hill|Cincinnati
Ed Herbers;Passed Recordings;Loose Ends;Ed Herbers;9;Cumulus;248;QZK6Q2115700;2170;10;2020-02-29T00:00:00;;https://herbers.bandcamp.com/album/loose-ends?label=3985473299&tab=music;ambient|ludovico einaudi|cinematic|contemplative|electronic|emotion|george winston|instrumental|new age|piano|sad|solo piano|windham hill|Cincinnati
Ed Herbers;Passed Recordings;Loose Ends;Ed Herbers;10;Coming Home;111;QZK6Q2115701;2170;10;2020-02-29T00:00:00;;https://herbers.bandcamp.com/album/loose-ends?label=3985473299&tab=music;ambient|ludovico einaudi|cinematic|contemplative|electronic|emotion|george winston|instrumental|new age|piano|sad|solo piano|windham hill|Cincinnati
Ed Herbers;Passed Recordings;Distant Shores;Ed Herbers;1;Pursuit;268;QZK6P2158376;2628;11;2012-11-25T00:00:00;;https://herbers.bandcamp.com/album/distant-shores?label=3985473299&tab=music;ambient|contemplative|creative commons|instrumental|meditation|relaxing|renoise|sleep|cinematic|electronic|instrumental|soundscape|Cincinnati
Ed Herbers;Passed Recordings;Distant Shores;Ed Herbers;2;Future Sight;148;QZK6P2158377;2628;11;2012-11-25T00:00:00;;https://herbers.bandcamp.com/album/distant-shores?label=3985473299&tab=music;ambient|contemplative|creative commons|instrumental|meditation|relaxing|renoise|sleep|cinematic|electronic|instrumental|soundscape|Cincinnati
Ed Herbers;Passed Recordings;Distant Shores;Ed Herbers;3;Watch and Pray (Stay with Me);236;;2628;11;2012-11-25T00:00:00;;https://herbers.bandcamp.com/album/distant-shores?label=3985473299&tab=music;ambient|contemplative|creative commons|instrumental|meditation|relaxing|renoise|sleep|cinematic|electronic|instrumental|soundscape|Cincinnati
Ed Herbers;Passed Recordings;Distant Shores;Ed Herbers;4;Depths;247;QZK6P2158378;2628;11;2012-11-25T00:00:00;;https://herbers.bandcamp.com/album/distant-shores?label=3985473299&tab=music;ambient|contemplative|creative commons|instrumental|meditation|relaxing|renoise|sleep|cinematic|electronic|instrumental|soundscape|Cincinnati
Ed Herbers;Passed Recordings;Distant Shores;Ed Herbers;5;Let It Go;188;QZK6P2158379;2628;11;2012-11-25T00:00:00;;https://herbers.bandcamp.com/album/distant-shores?label=3985473299&tab=music;ambient|contemplative|creative commons|instrumental|meditation|relaxing|renoise|sleep|cinematic|electronic|instrumental|soundscape|Cincinnati
Ed Herbers;Passed Recordings;Distant Shores;Ed Herbers;6;It's Not All Bad;293;QZK6P2158380;2628;11;2012-11-25T00:00:00;;https://herbers.bandcamp.com/album/distant-shores?label=3985473299&tab=music;ambient|contemplative|creative commons|instrumental|meditation|relaxing|renoise|sleep|cinematic|electronic|instrumental|soundscape|Cincinnati
Ed Herbers;Passed Recordings;Distant Shores;Ed Herbers;7;Waiting;202;QZK6P2158381;2628;11;2012-11-25T00:00:00;;https://herbers.bandcamp.com/album/distant-shores?label=3985473299&tab=music;ambient|contemplative|creative commons|instrumental|meditation|relaxing|renoise|sleep|cinematic|electronic|instrumental|soundscape|Cincinnati
Ed Herbers;Passed Recordings;Distant Shores;Ed Herbers;8;Waves;195;QZK6P2158382;2628;11;2012-11-25T00:00:00;;https://herbers.bandcamp.com/album/distant-shores?label=3985473299&tab=music;ambient|contemplative|creative commons|instrumental|meditation|relaxing|renoise|sleep|cinematic|electronic|instrumental|soundscape|Cincinnati
Ed Herbers;Passed Recordings;Distant Shores;Ed Herbers;9;Distant Shores;294;QZK6P2158383;2628;11;2012-11-25T00:00:00;;https://herbers.bandcamp.com/album/distant-shores?label=3985473299&tab=music;ambient|contemplative|creative commons|instrumental|meditation|relaxing|renoise|sleep|cinematic|electronic|instrumental|soundscape|Cincinnati
Ed Herbers;Passed Recordings;Distant Shores;Ed Herbers;10;It's Not All Bad (Standalone Version);293;;2628;11;2012-11-25T00:00:00;;https://herbers.bandcamp.com/album/distant-shores?label=3985473299&tab=music;ambient|contemplative|creative commons|instrumental|meditation|relaxing|renoise|sleep|cinematic|electronic|instrumental|soundscape|Cincinnati
Ed Herbers;Passed Recordings;Distant Shores;Ed Herbers;11;Distant Shores (Fast Version);264;;2628;11;2012-11-25T00:00:00;;https://herbers.bandcamp.com/album/distant-shores?label=3985473299&tab=music;ambient|contemplative|creative commons|instrumental|meditation|relaxing|renoise|sleep|cinematic|electronic|instrumental|soundscape|Cincinnati
Ed Herbers;Passed Recordings;Ghost Drugs;Ed Herbers;1;World Premiere;228;QZK6N2145159;3271;14;2011-07-07T00:00:00;;https://herbers.bandcamp.com/album/ghost-drugs?label=3985473299&tab=music;ambient|contemplative|creative commons|ghost drugs|instrumental|meditation|relaxing|renoise|sleep|cinematic|electronic|instrumental|solo piano|soundscape|Cincinnati
Ed Herbers;Passed Recordings;Ghost Drugs;Ed Herbers;2;Relax;180;QZK6N2145160;3271;14;2011-07-07T00:00:00;;https://herbers.bandcamp.com/album/ghost-drugs?label=3985473299&tab=music;ambient|contemplative|creative commons|ghost drugs|instrumental|meditation|relaxing|renoise|sleep|cinematic|electronic|instrumental|solo piano|soundscape|Cincinnati
Ed Herbers;Passed Recordings;Ghost Drugs;Ed Herbers;3;Ghost Drugs;160;QZK6N2145161;3271;14;2011-07-07T00:00:00;;https://herbers.bandcamp.com/album/ghost-drugs?label=3985473299&tab=music;ambient|contemplative|creative commons|ghost drugs|instrumental|meditation|relaxing|renoise|sleep|cinematic|electronic|instrumental|solo piano|soundscape|Cincinnati
Ed Herbers;Passed Recordings;Ghost Drugs;Ed Herbers;4;Cyanobacteria;126;QZK6N2145162;3271;14;2011-07-07T00:00:00;;https://herbers.bandcamp.com/album/ghost-drugs?label=3985473299&tab=music;ambient|contemplative|creative commons|ghost drugs|instrumental|meditation|relaxing|renoise|sleep|cinematic|electronic|instrumental|solo piano|soundscape|Cincinnati
Ed Herbers;Passed Recordings;Ghost Drugs;Ed Herbers;5;The Dooley Dubstep;160;QZK6N2145163;3271;14;2011-07-07T00:00:00;;https://herbers.bandcamp.com/album/ghost-drugs?label=3985473299&tab=music;ambient|contemplative|creative commons|ghost drugs|instrumental|meditation|relaxing|renoise|sleep|cinematic|electronic|instrumental|solo piano|soundscape|Cincinnati
Ed Herbers;Passed Recordings;Ghost Drugs;Ed Herbers;6;Love You Sometimes;234;QZK6N2145164;3271;14;2011-07-07T00:00:00;;https://herbers.bandcamp.com/album/ghost-drugs?label=3985473299&tab=music;ambient|contemplative|creative commons|ghost drugs|instrumental|meditation|relaxing|renoise|sleep|cinematic|electronic|instrumental|solo piano|soundscape|Cincinnati
Ed Herbers;Passed Recordings;Ghost Drugs;Ed Herbers;7;Lugubrious;159;QZK6N2145165;3271;14;2011-07-07T00:00:00;;https://herbers.bandcamp.com/album/ghost-drugs?label=3985473299&tab=music;ambient|contemplative|creative commons|ghost drugs|instrumental|meditation|relaxing|renoise|sleep|cinematic|electronic|instrumental|solo piano|soundscape|Cincinnati
Ed Herbers;Passed Recordings;Ghost Drugs;Ed Herbers;8;Rain;174;QZK6N2145166;3271;14;2011-07-07T00:00:00;;https://herbers.bandcamp.com/album/ghost-drugs?label=3985473299&tab=music;ambient|contemplative|creative commons|ghost drugs|instrumental|meditation|relaxing|renoise|sleep|cinematic|electronic|instrumental|solo piano|soundscape|Cincinnati
Ed Herbers;Passed Recordings;Ghost Drugs;Ed Herbers;9;Midnight;238;QZK6N2145167;3271;14;2011-07-07T00:00:00;;https://herbers.bandcamp.com/album/ghost-drugs?label=3985473299&tab=music;ambient|contemplative|creative commons|ghost drugs|instrumental|meditation|relaxing|renoise|sleep|cinematic|electronic|instrumental|solo piano|soundscape|Cincinnati
Ed Herbers;Passed Recordings;Ghost Drugs;Ed Herbers;10;Wednesday;281;QZK6N2145168;3271;14;2011-07-07T00:00:00;;https://herbers.bandcamp.com/album/ghost-drugs?label=3985473299&tab=music;ambient|contemplative|creative commons|ghost drugs|instrumental|meditation|relaxing|renoise|sleep|cinematic|electronic|instrumental|solo piano|soundscape|Cincinnati
Ed Herbers;Passed Recordings;Ghost Drugs;Ed Herbers;11;Sleep;289;QZK6N2145169;3271;14;2011-07-07T00:00:00;;https://herbers.bandcamp.com/album/ghost-drugs?label=3985473299&tab=music;ambient|contemplative|creative commons|ghost drugs|instrumental|meditation|relaxing|renoise|sleep|cinematic|electronic|instrumental|solo piano|soundscape|Cincinnati
Ed Herbers;Passed Recordings;Ghost Drugs;Ed Herbers;12;Spire;345;QZK6N2145170;3271;14;2011-07-07T00:00:00;;https://herbers.bandcamp.com/album/ghost-drugs?label=3985473299&tab=music;ambient|contemplative|creative commons|ghost drugs|instrumental|meditation|relaxing|renoise|sleep|cinematic|electronic|instrumental|solo piano|soundscape|Cincinnati
Ed Herbers;Passed Recordings;Ghost Drugs;Ed Herbers;13;Orbit;234;QZK6N2145171;3271;14;2011-07-07T00:00:00;;https://herbers.bandcamp.com/album/ghost-drugs?label=3985473299&tab=music;ambient|contemplative|creative commons|ghost drugs|instrumental|meditation|relaxing|renoise|sleep|cinematic|electronic|instrumental|solo piano|soundscape|Cincinnati
Ed Herbers;Passed Recordings;Ghost Drugs;Ed Herbers;14;Constellations;463;QZK6N2145172;3271;14;2011-07-07T00:00:00;;https://herbers.bandcamp.com/album/ghost-drugs?label=3985473299&tab=music;ambient|contemplative|creative commons|ghost drugs|instrumental|meditation|relaxing|renoise|sleep|cinematic|electronic|instrumental|solo piano|soundscape|Cincinnati
David Aimone;Passed Recordings;Isle of Glass 2004;David Aimone;1;Prelude: Waves at Midnight;250;ushm80406331;4302;17;2004-05-01T00:00:00;;https://davidaimone.bandcamp.com/album/isle-of-glass-2004?label=3985473299&tab=music;ambient|acoustic|acoustic rock|classical|electronic|improv|original music|progressive|singer-songwriter|Saratoga Springs
David Aimone;Passed Recordings;Isle of Glass 2004;David Aimone;2;The Path;252;ushm80406332;4302;17;2004-05-01T00:00:00;;https://davidaimone.bandcamp.com/album/isle-of-glass-2004?label=3985473299&tab=music;ambient|acoustic|acoustic rock|classical|electronic|improv|original music|progressive|singer-songwriter|Saratoga Springs
David Aimone;Passed Recordings;Isle of Glass 2004;David Aimone;3;A Dream to Find Hope;282;ushm80406333;4302;17;2004-05-01T00:00:00;;https://davidaimone.bandcamp.com/album/isle-of-glass-2004?label=3985473299&tab=music;ambient|acoustic|acoustic rock|classical|electronic|improv|original music|progressive|singer-songwriter|Saratoga Springs
David Aimone;Passed Recordings;Isle of Glass 2004;David Aimone;4;Welcome;139;ushm80406334;4302;17;2004-05-01T00:00:00;;https://davidaimone.bandcamp.com/album/isle-of-glass-2004?label=3985473299&tab=music;ambient|acoustic|acoustic rock|classical|electronic|improv|original music|progressive|singer-songwriter|Saratoga Springs
David Aimone;Passed Recordings;Isle of Glass 2004;David Aimone;5;The Sea;302;ushm80406335;4302;17;2004-05-01T00:00:00;;https://davidaimone.bandcamp.com/album/isle-of-glass-2004?label=3985473299&tab=music;ambient|acoustic|acoustic rock|classical|electronic|improv|original music|progressive|singer-songwriter|Saratoga Springs
David Aimone;Passed Recordings;Isle of Glass 2004;David Aimone;6;The Teenage Years;393;ushm80406336;4302;17;2004-05-01T00:00:00;;https://davidaimone.bandcamp.com/album/isle-of-glass-2004?label=3985473299&tab=music;ambient|acoustic|acoustic rock|classical|electronic|improv|original music|progressive|singer-songwriter|Saratoga Springs
David Aimone;Passed Recordings;Isle of Glass 2004;David Aimone;7;Glimmerglass;161;ushm80406337;4302;17;2004-05-01T00:00:00;;https://davidaimone.bandcamp.com/album/isle-of-glass-2004?label=3985473299&tab=music;ambient|acoustic|acoustic rock|classical|electronic|improv|original music|progressive|singer-songwriter|Saratoga Springs
David Aimone;Passed Recordings;Isle of Glass 2004;David Aimone;8;Driving in the Middle of Nowhere;241;ushm80406338;4302;17;2004-05-01T00:00:00;;https://davidaimone.bandcamp.com/album/isle-of-glass-2004?label=3985473299&tab=music;ambient|acoustic|acoustic rock|classical|electronic|improv|original music|progressive|singer-songwriter|Saratoga Springs
David Aimone;Passed Recordings;Isle of Glass 2004;David Aimone;9;Improv;78;ushm80406339;4302;17;2004-05-01T00:00:00;;https://davidaimone.bandcamp.com/album/isle-of-glass-2004?label=3985473299&tab=music;ambient|acoustic|acoustic rock|classical|electronic|improv|original music|progressive|singer-songwriter|Saratoga Springs
David Aimone;Passed Recordings;Isle of Glass 2004;David Aimone;10;For a Climb;406;ushm80406340;4302;17;2004-05-01T00:00:00;;https://davidaimone.bandcamp.com/album/isle-of-glass-2004?label=3985473299&tab=music;ambient|acoustic|acoustic rock|classical|electronic|improv|original music|progressive|singer-songwriter|Saratoga Springs
David Aimone;Passed Recordings;Isle of Glass 2004;David Aimone;11;Lovers;197;ushm80406341;4302;17;2004-05-01T00:00:00;;https://davidaimone.bandcamp.com/album/isle-of-glass-2004?label=3985473299&tab=music;ambient|acoustic|acoustic rock|classical|electronic|improv|original music|progressive|singer-songwriter|Saratoga Springs
David Aimone;Passed Recordings;Isle of Glass 2004;David Aimone;12;LA;249;ushm80406342;4302;17;2004-05-01T00:00:00;;https://davidaimone.bandcamp.com/album/isle-of-glass-2004?label=3985473299&tab=music;ambient|acoustic|acoustic rock|classical|electronic|improv|original music|progressive|singer-songwriter|Saratoga Springs
David Aimone;Passed Recordings;Isle of Glass 2004;David Aimone;13;Tread Softly Now on Dreams of Old;121;ushm80406343;4302;17;2004-05-01T00:00:00;;https://davidaimone.bandcamp.com/album/isle-of-glass-2004?label=3985473299&tab=music;ambient|acoustic|acoustic rock|classical|electronic|improv|original music|progressive|singer-songwriter|Saratoga Springs
David Aimone;Passed Recordings;Isle of Glass 2004;David Aimone;14;Damn You Time;159;ushm80406344;4302;17;2004-05-01T00:00:00;;https://davidaimone.bandcamp.com/album/isle-of-glass-2004?label=3985473299&tab=music;ambient|acoustic|acoustic rock|classical|electronic|improv|original music|progressive|singer-songwriter|Saratoga Springs
David Aimone;Passed Recordings;Isle of Glass 2004;David Aimone;15;Song for a Missing Brother;409;ushm80406345;4302;17;2004-05-01T00:00:00;;https://davidaimone.bandcamp.com/album/isle-of-glass-2004?label=3985473299&tab=music;ambient|acoustic|acoustic rock|classical|electronic|improv|original music|progressive|singer-songwriter|Saratoga Springs
David Aimone;Passed Recordings;Isle of Glass 2004;David Aimone;16;Listen;369;ushm80406346;4302;17;2004-05-01T00:00:00;;https://davidaimone.bandcamp.com/album/isle-of-glass-2004?label=3985473299&tab=music;ambient|acoustic|acoustic rock|classical|electronic|improv|original music|progressive|singer-songwriter|Saratoga Springs
David Aimone;Passed Recordings;Isle of Glass 2004;David Aimone;17;Times;294;ushm80406347;4302;17;2004-05-01T00:00:00;;https://davidaimone.bandcamp.com/album/isle-of-glass-2004?label=3985473299&tab=music;ambient|acoustic|acoustic rock|classical|electronic|improv|original music|progressive|singer-songwriter|Saratoga Springs
